"","name","CL_cie_d_mean","CL_cie_d_sd","CL_hullarea","SH_n.core.cell_mean","SH_n.core.cell_sd","SH_perimeter_mean","SH_perimeter_sd","SH_perim.area.ratio_mean","SH_perim.area.ratio_sd","SH_core.area.index_mean","SH_core.area.index_sd"
"1","1002",10.8749381626824,8.47653179585401,196.645264603449,1651.33333333333,1159.34431900105,11704.6666666667,7946.96891902819,1.28963905281417,0.440805166813803,0.23059632350062,0.158483112166175
"2","1004",25.3006637551672,12.252379243348,868.579795334558,1864.88888888889,2392.70952292816,19087.3333333333,16402.7805874492,1.57175580840814,0.570227897864716,0.2244832336465,0.220985972822732
"3","1005",11.9810555329,6.56535109225278,140.255421580297,757.333333333333,662.596596731375,14689.1111111111,10043.5368327652,1.73635902655115,0.321856438791919,0.117116379891155,0.101240028440195
"4","1006",15.2184946911463,10.8259285294487,269.729855033302,4688.11111111111,3369.85494659802,9839.55555555555,5067.4788384144,0.92450426160539,0.376293155432021,0.392064422573426,0.184200856929786
"5","1013",5.03286621112942,2.92885536325733,18.8678058296966,3643.66666666667,2785.03900331755,6153.33333333333,3939.20398050164,0.790380013015722,0.22758514906143,0.443192616385118,0.153129273229578
"6","1017",9.71397553185471,4.84704475150132,141.39624070382,2185.55555555556,2857.51776508525,10600.2222222222,6314.56454907577,1.61478818035035,0.670827122793253,0.190267179946377,0.213559938694132
"7","1019",11.6178546017408,6.74279284288749,153.976555452338,3409.33333333333,2848.55989931755,9929.33333333333,7604.47986386972,1.03706097339582,0.517910389179588,0.361947932030693,0.187031466519276
"8","1025",12.8003172811466,7.57216019267107,226.910820261908,3671.11111111111,3188.1489709722,6298.88888888889,3251.14504615083,0.849553005751256,0.523009832506014,0.439477151132627,0.207579143317151
"9","1026",11.8472400814867,7.21564122619687,105.622678964726,777.444444444444,503.014937927074,15732.8888888889,4604.81336333093,1.77241006094819,0.307396662775536,0.0864891939010422,0.0637848629067291
"10","1027",17.2633938832686,11.2346610620357,297.391534532057,4901.77777777778,7731.95476218301,4920.88888888889,6197.27142467644,0.893444977410559,0.658586618977797,0.44146594279557,0.248713907425695
"11","1034",16.0386081932328,7.73941406143119,361.724330859584,3617.22222222222,2397.67224500023,6669.55555555556,3451.08573897807,0.855545198693384,0.366395200379691,0.436340462260364,0.155365795971006
"12","1036",21.4863493660214,11.4692669233156,635.30772483757,2861.22222222222,2978.87440058228,9176.22222222222,6324.5335357198,1.06773838681382,0.35394645661302,0.321983728724517,0.155657253513498
"13","1037",20.9819006804683,9.84154370982643,689.12163715578,4628.66666666667,3364.78606303581,8408.88888888889,6952.25510975476,0.757180294200088,0.267485047175267,0.463644835012665,0.168875834119565
"14","1040",10.9933871896525,5.79987030847919,184.154934151499,709.888888888889,680.17579427021,13566.4444444444,9542.14738818143,1.67842829154925,0.518552002618498,0.144791679720131,0.168516040429093
"15","1041",13.2667947695855,8.15517068349537,79.3382915021008,4497.88888888889,3284.98243695626,7098.22222222222,3580.8207780402,0.789489153451233,0.300995570858271,0.43851084870766,0.187118474986011
"16","1045",6.48213893375846,3.29099934507766,50.3895079771728,718.777777777778,1136.5053648991,19196.4444444444,18201.8977520966,1.8341371549402,0.843233873825715,0.147841882984467,0.210686165401421
"17","1046",11.296784915461,5.98388410598953,188.445493107436,912.444444444444,1143.10346328658,13380.2222222222,7910.43958604352,1.71740739525905,0.410155185504843,0.130415871045894,0.127405339413628
"18","1048",28.3257662276902,12.6753643678781,1274.65566939243,5458.44444444444,2979.92017976619,6432.66666666667,4665.64304249693,0.585811952167553,0.222984683941068,0.567691178089426,0.122098231713784
"19","1049",6.13572039897699,2.87522655616517,48.761981058704,366,371.728395471748,16249.1111111111,8650.52097339294,2.01557743404806,0.364077719378475,0.0568222081117136,0.0542371577937896
"20","1054",23.0776074396895,14.3096256432958,255.510781551225,1063.66666666667,1058.8013269731,18951.5555555556,13913.4976112327,1.66231197325686,0.438605771870204,0.122659330295002,0.117281153044638
"21","1055",23.0357161975661,17.8687026535841,424.543724829096,3976.55555555556,2804.35510015721,12938.2222222222,11011.0362566129,0.976088204999071,0.348554137012602,0.368296209902988,0.196187054857388
"22","1056",15.5798779170855,9.8178735392729,49.9139381202221,1759.11111111111,2341.75257256421,6041.11111111111,4052.27036500665,1.25909185470331,0.389428548815202,0.241205367401299,0.147608817882732
"23","1057",8.50776581612154,4.66332874403852,105.800395006627,3958.44444444444,3104.38452479357,7937.55555555556,5317.13407558788,0.887004104045654,0.457952294325983,0.413695101127893,0.242274710685203
"24","1063",34.7269582449589,22.7954752774671,2382.38905132922,4328.22222222222,4669.70946038878,5404.44444444444,4478.03012247325,0.851514328604644,0.338085664575049,0.432151415524828,0.198151960495918
"25","1066",18.1132025225953,13.754294124154,168.440415624978,3047.44444444444,3835.75188558616,5787.77777777778,2908.03154117084,0.946748730149349,0.308489994763487,0.386754860696642,0.179693648218417
"26","1069",21.6855462032007,13.5076394263719,34.7422699585251,359.666666666667,587.550636115731,15685.5555555556,9099.24687970262,2.13630626519274,0.393995713680563,0.0416793716444892,0.0480622814080891
"27","1070",11.4768147190042,5.71443462209971,155.994214910411,2646.77777777778,3433.6662176811,10728,6103.42649664924,1.31964479843758,0.673145214199115,0.273255641318056,0.270336820714688
"28","1077",5.40641472705553,2.54829691112604,52.1731599053847,1783.11111111111,2355.39011866636,11140.2222222222,8980.98304443586,1.64515276307306,0.762952182224799,0.233582112669289,0.257695972642688
"29","1081",11.3023419085551,6.40925919739754,101.586984781291,2109.22222222222,1541.21030182271,10166,5347.3238166395,1.24623255905383,0.421752645964772,0.244269766277305,0.148937554369228
"30","1084",17.1876617892822,9.44969513192048,299.402314829553,1391.77777777778,2036.44793560858,11621.1111111111,7412.05525553548,1.51438586135119,0.412818018799181,0.157119229124492,0.114276436267813
"31","1093",17.6090477665608,10.4520585305228,155.82067929139,2812.77777777778,1310.77350997205,9147.55555555555,6065.80231937852,0.989026786227993,0.296210396219719,0.361177160552604,0.158274495637515
"32","1097",12.9511892376304,8.07775378258915,116.407620954321,2123.11111111111,1658.18684445122,7880.44444444444,4083.5318999339,1.19097095900602,0.426452521308529,0.295612225426299,0.181577869672912
"33","1100",7.06663057617718,4.52744554674108,86.6296048080258,1918.44444444444,2402.0171268702,9117.77777777778,6564.98990436729,1.85455141213549,0.971232282086686,0.190364776974176,0.225131030174411
"34","1101",19.3909780942423,10.2835889047489,398.638935079846,4089.66666666667,2295.57569032258,7765.77777777778,4054.05937850501,0.818607960671024,0.308538747683561,0.435023313841389,0.170220761176303
"35","1104",12.3479252319379,5.88290018006633,176.96396635622,4333.11111111111,3952.50975471423,6674.66666666667,4237.61465921572,0.793059626311966,0.377329052330086,0.438589551037786,0.219254936924646
"36","1107",25.3139235343379,17.881624833974,563.908204687378,2022,1718.30912527403,7616.44444444444,4429.6559434992,1.10900462213832,0.327891597314857,0.250963877478415,0.130612259984898
"37","1108",21.3238695450923,10.3062423081058,608.995226124966,1809.44444444444,4966.43957254871,13537.3333333333,10168.5782192006,2.05031274359939,0.688066026829484,0.098111476224824,0.218744046606601
"38","1110",17.6827855711978,9.42521490389671,392.196862107797,3029.66666666667,4275.19414763821,11898,5172.62128905645,1.2651719411292,0.427644291043395,0.223389367323501,0.191132069543152
"39","1111",14.1113291412907,10.2422133640218,122.928714609281,511.222222222222,512.283070620574,16694.6666666667,10808.7523794377,1.80745395807706,0.541429832420429,0.143385275788773,0.218542033223357
"40","1113",17.3227865344732,8.39131986956777,491.019065378676,910.111111111111,1693.49951612367,17358.4444444444,11303.6202067204,1.86980443275278,0.597322191265864,0.118834098737772,0.230004733196773
"41","1114",15.0510220784989,9.03050082880961,300.723831204116,1660.44444444444,1600.91662111984,15350.4444444444,11301.0624180994,1.37851068389607,0.561115889912338,0.243066519617634,0.256171672273661
"42","1115",10.3041015305927,6.74274222415309,58.3000309035531,4473.66666666667,3280.53699872445,9844,3629.34291573557,1.04881400825956,0.416859608662582,0.354758905998054,0.168233810582026
"43","1116",14.8034586785037,7.85647501365593,361.936475411697,935.333333333333,1305.03553591464,2665.11111111111,2212.16706220645,1.45298102328136,0.610790780472832,0.251668684432305,0.21635641336601
"44","1117",19.415768443678,9.24123590891768,647.168412425235,2769.55555555556,3929.94147892533,14340.8888888889,10886.7853433009,1.76432343887958,0.66459733675096,0.178473391135626,0.183172900978028
"45","1118",17.1973671408488,9.6793628785308,358.863558706197,2934.66666666667,2765.89126684329,11760.8888888889,8091.00087202511,1.32044780462869,0.476639155930474,0.244092643179577,0.1738920605725
"46","1119",18.2347464946802,14.070256435887,398.905271367722,2617.22222222222,2977.91398372157,16580,8770.66873163045,1.41561102152331,0.379856709422863,0.209918511773844,0.183742893612126
"47","1120",17.6607988965732,10.1234693132125,357.879471595024,2479.22222222222,2417.0686159984,15040.6666666667,10590.4725107051,1.49077672123202,0.609007125524646,0.20269560893707,0.219258186582982
"48","1121",17.4053911044672,8.70457714517443,505.600572748686,2148,5566.99800161631,16174.8888888889,13876.8282799461,2.08417393144009,0.810240104469175,0.117399074940535,0.238503044910887
"49","1122",24.3704748064931,15.9693691011499,452.153491979154,1196.44444444444,1369.74651953483,11390.8888888889,9375.63326453798,1.72108418088892,0.610925499461471,0.156727511344008,0.108456563179836
"50","1123",9.47189621988111,4.47242647479231,146.033160695941,1175.77777777778,1650.75337178043,13458.2222222222,8697.54479404645,1.88055244478522,0.502477455008837,0.11948579707443,0.110210634697907
"51","1124",20.1762301556351,10.6956610485129,564.036844040147,2112.77777777778,2622.46581377993,11995.5555555556,7778.22163336696,1.65473052124072,0.774974618524576,0.206313427691467,0.210009935155001
"52","1125",25.6197358121662,15.5276514640001,579.154140795427,2819.88888888889,4688.13788844901,14874.6666666667,7734.30953608659,1.85901628449661,1.02527932663799,0.212814634603938,0.305369106491969
"53","1126",15.704709156037,8.30511525974213,354.410205139337,2566.33333333333,2338.15798225868,10885.7777777778,6508.0149388615,1.18117925889346,0.273832155656698,0.227908120591547,0.119734689351125
"54","1127",17.3069201996235,9.54611722449734,257.894201185475,748.777777777778,596.366241871926,14052.4444444444,9848.84794165174,1.82791494466786,0.496362614612371,0.0852831051538251,0.0516305226755311
"55","1128",13.8172449563441,6.93338655224216,243.376721325017,1423.66666666667,1652.59613941217,12085.5555555556,7157.37003219603,1.63981251141241,0.438898426625194,0.139629494434786,0.0839858308010155
"56","1129",12.1819566710253,7.27787396959079,65.032250723388,974.888888888889,636.947494783606,13164.2222222222,8142.86880923698,1.63707614286724,0.449312261013683,0.148549046250803,0.133841614850263
"57","1130",14.5582142817116,8.07136154099357,275.825500820206,2036.44444444444,2747.76350470301,11454,9672.29931298655,1.69692357824027,0.599454401622965,0.160179159812284,0.142364990197735
"58","1131",24.4159899857835,10.3067691665409,870.356888229308,753.888888888889,1099.96368626928,21449.7777777778,7315.10823190228,2.06860870022359,0.448395296555168,0.0665521885497976,0.0955346530732511
"59","1132",16.3943448199341,7.81363108816272,398.413937661732,914.666666666667,763.498526521171,15878.4444444444,8293.23813584162,1.93261303846675,0.481029357741891,0.0972490507857262,0.0894685297044168
"60","1133",11.4903631090104,6.70597717049937,91.7515120451168,532.777777777778,354.810082219269,17324.6666666667,9209.29671581929,1.90800470321652,0.228858368467354,0.0686012978182087,0.051778416049452
"61","1134",13.463292636754,7.2074855627806,316.976141842478,1048.77777777778,1290.53697910771,13844.4444444444,9801.00733484971,1.83825737969326,0.421070840025296,0.0957842489683837,0.0652737923848371
"62","1135",21.5126081366977,10.8488495350024,571.746401592711,1070.22222222222,1130.90271219254,14849.7777777778,9857.45938081636,1.7307894231834,0.324902972361014,0.115528807633631,0.0921714380042438
"63","1136",18.7702197497975,9.45121329081294,428.616558481674,1044.11111111111,1485.53016162955,11488.6666666667,8455.07995231269,1.64995965175491,0.544561144134698,0.147589760990317,0.173017874233712
"64","1137",16.5721602244564,8.7073991938441,312.675438230659,820.333333333333,800.505777618126,10919.3333333333,6386.59017003596,1.76736449961589,0.435883193556697,0.106236408937648,0.0782352071485351
"65","1138",12.5626989272059,6.22481467830181,212.444393934223,676.666666666667,658.883904796589,16175.5555555556,8112.50527135593,2.08101733235741,0.291860388326758,0.092078214601006,0.0960061645140396
"66","1139",13.2704457242465,7.22763017748938,207.21376255306,393.444444444444,608.283057283184,8158.66666666667,6302.97929553953,2.06893105652466,0.717314813308269,0.108104885650941,0.154071037097531
"67","1140",19.5759802110749,9.99030189104942,585.768490193174,2178.55555555556,2518.59713487048,12316.8888888889,6752.03377591605,1.5771843338455,0.684519448888407,0.21396023060714,0.210561588391906
"68","1141",7.47456583276725,4.43794606363474,52.6023052506091,1983.44444444444,1957.47612444642,5991.33333333333,3382.98049063248,1.34298788358709,0.735815839987845,0.267125651569272,0.188193371138431
"69","1142",16.0089704705692,9.24930319795133,246.837237407473,1524.44444444444,1688.5411685173,11223.3333333333,8773.99361750395,1.58607419070714,0.781977830433486,0.230062826756399,0.216567925562893
"70","1143",12.9670217741351,8.56600853867893,339.405378995626,2546.77777777778,2584.69721523517,8837.11111111111,10871.2819902305,1.09552779034208,0.352577360041351,0.294973679984694,0.161935517404757
"71","1145",9.24702872191739,6.1741054345642,83.2257836436202,3227.66666666667,4354.07406919083,6235.77777777778,4893.21136314838,1.1245762354342,0.551835858528683,0.315239797216435,0.167998853394989
"72","1146",5.18557763895614,3.90482315832338,14.5084855623376,1916.55555555556,1745.88803414703,7728.66666666667,5526.42497461062,1.20816741810179,0.461084136793364,0.258802729497156,0.118617275375304
"73","1147",4.92389950645357,3.30392130055057,6.12162155427124,1038.44444444444,1566.33801517354,12708.8888888889,10766.5245140255,1.62546534525902,0.352181961853344,0.11596554046627,0.0807876089131389
"74","1148",12.0795176889156,5.45817880212005,265.869697499689,3835.66666666667,4173.5400141846,11849.7777777778,6200.22882194234,1.32731586786585,0.448643802689402,0.240469153260818,0.163855737793221
"75","1149",17.2748522997974,10.4845188803789,170.803845973633,1720.22222222222,2379.45213115214,8093.33333333333,7156.24272925395,1.65962417021592,0.651490115072324,0.182982392300411,0.160546767690957
"76","1150",15.9494404706655,10.5469654074296,135.715592132638,3211.11111111111,3273.20945115205,7302.22222222222,4739.97989916038,1.09837458086329,0.359860143255308,0.309718886506086,0.137799805587106
"77","1151",16.3657890480987,11.1801197776657,212.546854307037,1311.33333333333,840.400202284602,13212.4444444444,8742.17077033947,1.57795193931881,0.283518507676771,0.152930126946535,0.0939315742134472
"78","1152",14.972174832269,9.6456458156351,378.966472049332,2250.66666666667,5581.80893617831,13976.2222222222,10867.1603671081,1.93618855449456,0.795695280594039,0.190428549213663,0.254661993385452
"79","1153",15.2383428313742,6.63721659345771,368.222157992659,3949.44444444444,9389.80959752528,8078.66666666667,4025.2619790518,1.54642973394135,0.642472213778632,0.230622277766386,0.268682733415887
"80","1154",9.15139786803645,4.35242026440775,130.266765909811,1921.22222222222,3177.08792677264,14008.2222222222,7154.42523508663,2.07035877274401,0.862318762598902,0.128230711749947,0.155836447478375
"81","1155",17.5537225238918,11.1031203196603,180.563617757376,963.111111111111,1041.19395940963,18563.7777777778,11094.4977103267,1.79942883986182,0.469206896924066,0.0944767249354995,0.0972546634723203
"82","1156",21.377825488518,16.0400990059329,255.628688030174,2068.33333333333,2465.43992017652,9148.66666666667,4314.09179318197,1.66906156296675,0.731148075336902,0.208527830869637,0.190656664689855
"83","1157",18.4150348557912,10.1149247617983,335.662165295711,156.111111111111,307.592036813555,20805.7777777778,13212.8032394509,2.87702524362282,0.673253799660513,0.0213792897585017,0.0509028399438646
"84","1158",10.1356888600246,6.20029512419716,67.5328985923328,1385.77777777778,827.195983092546,8421.33333333333,5084.5070557528,1.27926742143996,0.274949157938953,0.24624059241835,0.113381137691133
"85","1159",20.6353832767923,10.5020706527917,589.889596022725,1744.88888888889,908.650709079738,8016,5027.86515332303,1.20906065784037,0.31058536682806,0.272467438680034,0.108184915828231
"86","1160",18.6878454535211,14.3858894411416,290.537162672529,5265.22222222222,7368.68347769427,4412,2649.54939565202,1.1182485370345,0.92061883405991,0.409347212974076,0.322973363803615
"87","1162",27.4207126477686,19.1588324043558,1141.63773476666,1576.11111111111,2363.07825962474,17532.2222222222,16108.4689975318,1.67731989060055,0.713824216394699,0.141339851235053,0.164564317214939
"88","1163",21.0518978854002,12.5644198629193,174.671879996646,1257.44444444444,1148.06708330906,11173.1111111111,5778.89679014179,1.48710744077085,0.435222784923215,0.123604998483389,0.0864300326644629
"89","1164",25.0482062967209,16.8168326484641,604.42020158425,2377.11111111111,3710.06477182153,6828.22222222222,5156.07800992619,1.72682603157356,0.97849468118307,0.191559823968744,0.204090357901548
"90","1165",17.6780646093611,10.2604742503816,228.108445335755,1201,1126.95053130117,8398.88888888889,3701.80376453306,1.42742085543539,0.373223089305906,0.156678158774047,0.101463981234447
"91","1166",8.07387518988453,6.333298465076,41.2678621549174,2476.44444444444,2653.53717286526,9484.66666666667,4332.92914781675,1.48294507556771,0.848483184362495,0.245561292441169,0.228918674415642
"92","1167",23.0323809213223,12.0122914779916,608.45003577863,1081.33333333333,1399.98803566316,5838.88888888889,3126.09518586864,1.56630764360372,0.582848686373696,0.163453930936045,0.120046560677053
"93","1168",26.5527658662018,13.733217852924,926.117108912646,4627.33333333333,3769.45294439392,3111.11111111111,3252.60159120528,0.44183772178987,0.264720918844788,0.679899684529701,0.149143108388794
"94","1169",17.0645288164869,10.7989801038921,281.320591270137,285.111111111111,314.50216392119,13878.8888888889,8524.47048860579,2.06553300299823,0.335622845009647,0.0561952049460058,0.0725327200945016
"95","1170",25.2707608828719,20.9411946425998,873.520065740714,2411.77777777778,2408.7105875228,5604,5732.76957499602,1.20683560778966,0.845314276188364,0.355611711436702,0.239357571622009
"96","1171",31.77049635015,20.06661725143,1302.85722842449,2235.22222222222,2665.98873674373,5751.11111111111,5364.00028999916,1.09069868819161,0.465491341695016,0.327732326461834,0.20023467635395
"97","1172",28.9466895300141,14.1789803434511,1439.69194583015,3852.44444444444,5341.77260165367,5788.66666666667,5774.23717905664,1.0428107437603,0.466748957127599,0.380046553084187,0.195090277407836
"98","1173",20.0988964112406,12.6649230144332,729.841603552768,2269,1686.47457733581,7984.88888888889,5374.6626974268,1.05438584456629,0.488475255703975,0.330676457819095,0.208611600291161
"99","1174",10.5019125461487,7.38166121410285,89.5327709581547,2679.77777777778,4294.73665600633,7492.22222222222,7255.30457282425,1.42069320104866,0.667867524017371,0.241312643565888,0.153788322847138
"100","1175",21.2363627702706,13.5364307515679,201.887419299739,1374.88888888889,1896.69096352334,11633.5555555556,5200.97815586432,1.85149279599687,0.625196281624733,0.118906088723736,0.144069333122625
"101","1176",16.4405711555616,9.88602433178785,327.728307638774,3339.55555555556,3516.50355861867,9737.77777777778,7125.6985934324,1.45484467202524,0.732145265159444,0.231472148698703,0.162033519344062
"102","1177",16.5470996673963,9.76954127633247,421.505838822323,911.333333333333,1035.83167068786,7033.55555555556,3061.28613131438,1.65493953040622,0.484292447286313,0.137299807919129,0.11224083748668
"103","1178",22.129010595729,13.0220357974508,378.942750745966,3779.88888888889,2694.00823330425,7288.66666666667,2666.50201575022,0.947602781426591,0.427008178843693,0.357476903079196,0.190056054839246
"104","1179",22.9106990542804,14.913853359686,410.072787052118,1539.44444444444,1217.48040139371,12569.1111111111,9359.91843506721,1.43371708880666,0.485128761792514,0.192762761686554,0.195025132511475
"105","1180",33.0489087888713,14.8877869592453,1585.43047398823,4316,2283.55796948534,6776.22222222222,4756.97503088301,0.679591739158794,0.248211649896899,0.505935776519267,0.127201523842377
"106","1181",8.40950914031657,3.86972533597966,116.998012370592,3524.77777777778,2998.3381137631,6143.11111111111,3609.76621280535,0.852585445940102,0.215371577789797,0.401052911636305,0.117471055046467
"107","1182",26.0804408616658,14.2637684500214,680.637706047532,2166.88888888889,1700.22178291866,7877.77777777778,3393.78114268502,1.27831397325491,0.609255616091966,0.239264717538317,0.160712993614317
"108","1183",35.4318508086938,18.9087039076524,1697.26191491868,4424.66666666667,5842.59546349052,7806.66666666667,5458.35762844466,0.980514034415449,0.405608050551467,0.327991387861015,0.164321372180206
"109","1184",20.7398419124647,8.91819767217932,613.258997207347,2043.22222222222,2976.20226873854,8247.55555555555,4728.42275793713,1.21903978696344,0.348415854721508,0.250077962468734,0.150610180480834
"110","1185",16.4773067453134,10.2192643374669,362.08872224211,2908.11111111111,3723.73496789327,5669.55555555556,5245.74377736635,0.926395728801629,0.269977840902624,0.342493411320395,0.125810018586565
"111","1186",37.1691359963797,19.9515338560437,1490.9268543419,1298.88888888889,835.782783449809,7215.33333333333,6254.44106215735,1.07969482992102,0.379886462029075,0.308233744126091,0.196214796244084
"112","1187",11.7160277090481,6.53677702181067,141.901151556008,1066.66666666667,1761.94274878612,7486.66666666667,7325.79033279004,1.77431597503871,0.687896098967377,0.110093149236571,0.108638829143033
"113","1188",19.8516726404823,10.3336502476425,380.436464027027,3424.33333333333,2797.7772427411,8921.11111111111,5640.47082353159,1.12945097994602,0.63527020746412,0.351858277397818,0.195386438701885
"114","1189",23.9838106701162,14.6127351471346,748.425492095051,4759.44444444444,4679.63943886468,6453.33333333333,5709.50978631266,0.752647609881083,0.449822950244147,0.50777106094348,0.175165105188688
"115","1190",25.2925697591562,11.0815740315982,906.366620496238,6274.66666666667,1941.91484107826,4442.66666666667,2954.33748918434,0.440928917574655,0.179317838243622,0.647837256472307,0.110032199230699
"116","1191",30.5638828916191,15.1845033549808,1144.58218130903,3271.11111111111,3795.67650243156,7731.55555555556,5149.98852210156,1.10947360167287,0.43199723657541,0.332904149723449,0.172062507925873
"117","1192",42.2719135049241,23.1132713257223,2375.02495399165,5156.22222222222,7872.24392688923,4775.33333333333,4506.510956383,1.01888248372192,0.629773972449862,0.367526100994013,0.27591826223064
"118","1193",28.7608735525316,14.8001515472961,1201.02448507759,3450.11111111111,2421.18557965124,11587.1111111111,8375.10699102472,1.05038563391279,0.456414894665832,0.337109499478241,0.267364860482085
"119","1194",29.9540516039323,20.5142079294912,899.808206187893,2014.77777777778,3860.16329893496,11713.3333333333,8348.83375089,2.28725352131266,1.05646739793841,0.109349361132925,0.200007376261781
"120","1195",24.6759445235571,13.9927192526281,468.552947196142,3883.77777777778,9701.85975442051,11515.1111111111,6378.45483727142,1.53075902955386,0.519777803420332,0.162318636462704,0.217155089637014
"121","1196",17.7184408157799,10.0234442097146,322.331884233251,6409.88888888889,4576.69652818614,7443.11111111111,2475.77424477902,0.71497796226758,0.262284604343954,0.506916325825666,0.127322983986518
"122","1197",22.1973067358712,13.3242642979345,365.875405441941,521.555555555556,798.165257185364,15841.5555555556,7266.06453162768,2.24713040984263,0.619578049809595,0.0782496165209162,0.111181089602726
"123","1198",32.8049188304736,17.5947440919458,1307.33836730107,5801.33333333333,6717.79186191415,2777.77777777778,2473.50671000595,0.731287967129136,0.799376726161715,0.583056740595478,0.350649799703722
"124","1199",28.8076604338926,12.3416682625363,1309.84452181395,6117.66666666667,7958.78979493742,4525.77777777778,2947.58892053224,0.637379337782871,0.419745640473162,0.533805337591239,0.25381719784999
"125","1200",38.6843688428587,21.301799590577,1532.05289178221,2702.88888888889,4834.72895942587,10063.1111111111,5716.19104921373,1.51652954161058,0.79872466677041,0.206850319327204,0.210345573276246
"126","1201",35.497600178896,17.9516201743183,1454.26324781449,4841.44444444444,6688.46791333993,9694.44444444445,7085.46743537628,1.29155398711557,0.766090841373039,0.301584825054975,0.311070972442739
"127","1202",40.9534941543414,17.809872601057,2411.04420635694,6420.22222222222,4928.8691851625,3369.33333333333,2630.74666207144,0.577162840241492,0.593695611164522,0.630266530495738,0.29721064228267
"128","1203",44.1601162156873,16.9415482296472,3141.05309261263,7964.22222222222,11376.6731492315,3352.88888888889,2703.74741999158,0.442920558959051,0.187287754404621,0.649550930595427,0.145254660294818
"129","1204",21.1406023589639,9.78614614214523,670.081720534014,4492.33333333333,3423.14139351561,8089.33333333333,4959.18501368925,0.90021051098347,0.430672831565529,0.400396643439583,0.215180721445514
"130","1205",64.7675613217791,30.8963282180696,4442.99822604608,4247,5837.22868748518,3811.55555555556,2709.15425507256,0.955106941728592,0.602272799606989,0.418539442912119,0.282201203208214
"131","1206",39.667421823613,21.8810728213231,1666.15968646908,4172.22222222222,3401.33719211201,3960.66666666667,3182.55164922739,0.834966083307392,0.673704160185147,0.523479997316058,0.27622631985945
"132","1207",38.0020826353904,17.5200528931164,2127.20073174705,7351.44444444444,5738.55870648526,3905.33333333333,2612.00842265104,0.460326412711218,0.314091556036364,0.659824504534343,0.198821427577348
"133","1208",26.8034736616556,17.8626582224425,305.650157660483,1792.66666666667,4276.52002216756,17704.4444444444,13970.2460886621,1.69529855294039,0.607702100273567,0.137419230241372,0.20365997990298
"134","1210",35.7111467003222,23.4867478081638,1866.66571307366,2306.22222222222,1860.39396216082,7375.11111111111,3536.5521502038,1.12385966670315,0.289936136024827,0.260424078738676,0.126749502313354
"135","1211",17.146123212619,11.4575271068114,363.136161818188,2658.66666666667,2538.0326042035,10498.6666666667,8584.77070165534,1.20262738097544,0.374483510292618,0.253963064591468,0.126845845904096
"136","1212",15.2768592235599,9.86886687010211,181.349963759392,2888.33333333333,2445.67163576797,5592.66666666667,4226.48683897158,0.809740874275352,0.331958559946137,0.392275427837827,0.210480521757418
"137","1213",22.8708001153338,11.9094927864531,742.182549319584,5040.55555555556,4636.34988733354,6447.55555555556,3848.79056039398,0.823363403624273,0.553016206388498,0.498882680601147,0.192428573534626
"138","1214",19.8945229373601,12.0512676666448,422.011034914506,2957.66666666667,1903.47182800272,13812.8888888889,9847.07353029879,1.14284036301729,0.523291864786167,0.310508396002768,0.208070886152864
"139","1215",22.7194785326993,11.4981221816459,758.176152651547,3940.22222222222,3082.78631183617,8939.33333333333,5599.15868680287,0.915789862904114,0.431341198912028,0.370751712551717,0.221153248097857
"140","1216",6.28195526215802,7.65734857862057,46.916957646896,3417.22222222222,2516.58343681358,9174.22222222222,7299.93941375163,0.998403800903438,0.389870529113822,0.355761916929868,0.145962409701209
"141","1217",11.6647836924978,8.44161355893973,42.6681582302615,2205.44444444444,2908.53193686743,13072.4444444444,11310.6669466384,1.42635793808695,0.605625584155847,0.209230372385845,0.25793326557391
"142","1218",23.2159485367339,12.5303059857311,579.828239035474,1457.77777777778,3278.38934454778,18985.5555555556,13066.7854033721,1.91046620844131,0.548182399318381,0.122846358069508,0.199919043642842
"143","1219",16.9808265804964,9.02410119510709,390.379759432568,56.6666666666667,81.887117423927,18935.5555555556,11407.1679122286,2.69974939930569,0.502692435326132,0.00524619245293291,0.00486638975784109
"144","1220",18.2605636740814,11.0598414276662,74.680665436708,4859.11111111111,5742.72449374956,8392.66666666667,3567.94927093982,0.910497007254968,0.276525114553016,0.385143186414012,0.149816371123169
"145","1221",11.0474964363808,5.6804636291631,162.90184770083,2321.11111111111,3032.40335560939,15992.6666666667,11102.6821083916,1.54359963650731,0.560726090956142,0.185891594690104,0.197993836011308
"146","1222",15.3400059864864,10.6767476771626,216.793043277873,698.888888888889,575.583930553235,20108.4444444444,12339.3533776198,1.86895442856425,0.394907533963514,0.0766322326118159,0.0731912687938979
"147","1223",50.0414626616582,32.0878830949073,3951.24213116357,5192.55555555556,5941.24002442064,5585.77777777778,3516.08936809695,0.911687869981546,0.735625415093045,0.448826645333209,0.319225454416418
"148","1224",18.164426862228,11.2961275335153,47.4995443209983,3665,5816.82084561662,6761.77777777778,4546.71820596399,1.21840675076426,0.773834027416662,0.332904769527801,0.263169200378676
"149","1225",16.9773731933847,10.8216193649203,380.293781113406,1565.66666666667,2430.23676830057,16140,12574.1195318002,1.7828008734608,0.701036601064708,0.177538545069187,0.247286429960288
"150","1226",16.4387564651762,7.33181038921019,385.477159101951,2201.88888888889,2347.10707278367,12850.4444444444,5755.53184143549,1.39725339087606,0.417426109177299,0.19001076585201,0.173521618202354
"151","1227",29.084734687937,18.1858275789388,991.15406990569,3384.66666666667,7751.96558944891,14997.5555555556,10851.6005629482,1.35937144842858,0.505127672720926,0.19668744050951,0.231564168399912
"152","1228",17.0700942533547,11.128107178913,499.940905357307,3832.66666666667,5062.79483092096,6786.44444444444,7079.18327053183,0.855628349099493,0.424543001790271,0.430647529702979,0.203496785456093
"153","1229",18.8793933157641,9.82652278781862,535.386396719134,2942.11111111111,2451.32803009126,14174.2222222222,8661.09978261678,1.20684527185209,0.476018340222396,0.254517714042164,0.259186025143228
"154","1230",29.9705738473112,13.7679346179203,1123.22168041015,6214,11811.9623263876,6744.66666666667,4487.80737108891,1.34719349274268,0.691717298382785,0.25143788743652,0.288962289499915
"155","1231",9.42752940853957,6.17553416386173,44.1860099545367,4207.11111111111,3791.84916776909,6483.77777777778,3617.0563230954,0.799912495243879,0.283270392395195,0.400877230388651,0.161856794272668
"156","1232",18.5755331781535,9.69540525941504,459.86052913959,1449.66666666667,2322.68804405585,14948.2222222222,11573.5932382491,1.85400038091058,0.652329979808647,0.116660959168409,0.196659816435418
"157","1233",16.7074931153769,8.05211252961984,348.368778469378,232.888888888889,371.880506495179,15827.1111111111,9989.30133248122,2.56249016840043,0.531799421821269,0.0195750074015809,0.0261424543312308
"158","1234",24.3140947354769,11.6713516178238,747.983842121085,1673.22222222222,2474.9269573958,18763.1111111111,9450.67770644577,1.71678734339749,0.517214268024644,0.115290575232478,0.144901623569331
"159","1235",14.5161898088627,8.74336314472531,290.718958316042,665.111111111111,1087.20679316821,19882.8888888889,15448.6113651393,2.21402476423903,0.607844630298699,0.0478132176569746,0.0780944591550949
"160","1236",14.6123412067197,9.04021926265145,105.338044228446,2867.77777777778,4139.29214292063,8782,5129.52424694533,1.37563220880682,0.690970672164635,0.252940250255095,0.246748666878612
"161","1237",35.634978504996,21.7899620362494,1873.50377109787,568.777777777778,766.531111204525,14801.7777777778,9195.28310844448,1.75238345857092,0.604150052086025,0.105865647619631,0.14127918203832
"162","1238",26.892188375952,16.3215364660553,1233.04872506729,1168.55555555556,1761.75069966717,8713.77777777778,7437.70700178788,1.53401436399144,0.810722724504258,0.212385085009524,0.268574626516007
"163","1239",13.482619120636,7.68749807076359,198.873707605436,3000.33333333333,3313.51554244129,11515.5555555556,10630.7248942759,1.3907220054284,0.634426163724804,0.227603623505959,0.178891669841974
"164","1240",18.4434159752347,10.0544228171014,478.25955598553,509.333333333333,916.905665813011,19068.4444444444,17439.1114962253,2.36421448241397,0.749912339604599,0.0746966790331885,0.170835376201941
"165","1241",25.9111758816737,11.0382896600478,910.769586265206,1684.11111111111,2971.2276269433,6839.55555555556,3845.51801163091,1.29299968838437,0.525304700469844,0.260745884837523,0.249568544603042
"166","1242",13.6924109433338,7.42565356771533,312.39555223377,2949,4278.13119247178,8407.77777777778,5220.54378819338,1.50989193708527,0.572676979576149,0.228811197525167,0.177898850473071
"167","1243",31.5080793234521,20.1240697163222,707.762479671047,2240.55555555556,2446.43828407295,7096.66666666667,4918.95059946733,1.22451673123381,0.428575543360269,0.246175398270955,0.20116741287066
"168","1245",9.48591442310201,6.2591744414186,30.9054279001365,2441.22222222222,4279.38695310957,7935.33333333333,5800.32878378459,1.34044859800084,0.49720644287567,0.214263850324892,0.163340960940685
"169","1246",11.8861947686715,8.60722988513655,78.7936078357328,2427.33333333333,4020.56413952072,8515.33333333333,6274.8278860858,1.4330782579248,0.686338605312907,0.222116101791767,0.261738659656377
"170","1247",17.6619062618324,11.1603078274002,147.521449669674,3322.77777777778,5476.18523193331,8828.22222222222,4158.03408408883,1.56402455749505,0.937243173900396,0.261778361245688,0.312847577910063
"171","1248",15.4039094686722,7.02581653757145,381.483463566405,705.666666666667,956.598008569953,16138,5757.95927390946,2.06996334127912,0.511506640234981,0.0657407785309947,0.0836081921672993
"172","1249",9.48269555688101,8.54651629811966,32.783680977534,3090.88888888889,2781.42860974556,5619.33333333333,4031.58008726107,0.877369887183986,0.238114266482967,0.387807620928541,0.114339439288883
"173","1250",14.901594312904,6.33211110183883,311.136361231056,1713.22222222222,2152.399055576,15943.5555555556,4898.72215764252,1.74869880073552,0.595402211927863,0.151154818368005,0.178767458712869
"174","1251",21.0238509327448,11.2714745793328,395.452286949777,2708,2906.11669586753,7090,4012.18045456582,1.16567183097799,0.505579225412214,0.304724588561481,0.220244986476388
"175","1252",16.085114993677,10.179263176417,315.396782364519,1147.77777777778,2345.0660320009,23216.8888888889,19359.3125681443,2.01329174080381,0.777532285530111,0.140917951845955,0.278106605045736
"176","1253",20.0893761086028,13.1595338401983,62.2572307347599,225.333333333333,288.231677648381,21454.8888888889,15089.1114089303,2.51030342133344,0.6654184364998,0.0321201256907655,0.0561503150320909
"177","1254",20.2227920347836,16.8342264026424,256.551102453126,333.111111111111,433.125687429309,11023.7777777778,6362.50323728361,1.95751472188725,0.595707867097593,0.0819704101397514,0.119437639061373
"178","1255",19.5813158827021,12.2194874591377,368.874688763794,2483,3088.76949609387,11162.4444444444,9056.77976864723,1.33473814949466,0.36214604169427,0.19594560781296,0.131843437453857
"179","1256",19.1769911531088,13.3119875135895,432.779175795738,3370.33333333333,4766.58525571504,8387.55555555555,6961.23191524157,1.30433853391741,0.559364597875502,0.246797258519922,0.160941530726503
"180","1257",18.1939674405718,9.36225470870251,356.056658007965,2477,3661.31492772747,12844.2222222222,8513.95339689174,1.43841745788028,0.609597769032604,0.210130539389801,0.260143440510929
"181","1258",12.6460031708984,6.43887491394377,246.127671363258,2474.11111111111,6598.06586138022,12022,7041.02776588759,1.9016592786129,0.758011378702404,0.158937676263003,0.240236805994083
"182","1260",13.5099516688671,10.0390428763146,195.89899896005,2568.33333333333,2515.97610282769,11209.1111111111,7587.24766375206,1.48434247641653,0.614840961083644,0.198769719005197,0.137371452424007
"183","1261",16.4902275900316,10.7279697797275,47.4798944286333,4869.44444444444,4986.33372607347,8958.44444444445,5381.7009186481,0.901614150911467,0.194193212553213,0.417760034747051,0.128453970203723
"184","1262",14.3249452989644,8.98159760255727,102.663823616972,6682.55555555556,4213.54557086758,7270,3025.43418371645,0.65494558909082,0.177405791439138,0.549201784192064,0.109371974556963
"185","1263",18.5757474334706,11.4515118321194,169.61023073539,1746.11111111111,2204.45579704178,15568,8687.8699921212,1.5416157199,0.335177367979275,0.164444512541101,0.154798880977524
"186","1265",18.0855813322842,9.85628217057456,372.326372155822,2869.11111111111,2849.89041212309,7167.55555555556,6869.14876660695,1.10452969219738,0.532848218981631,0.326882737941962,0.24216413224327
"187","1266",14.3970110292181,7.39390947704474,261.841301513768,665.777777777778,653.235749515016,13453.5555555556,10391.7245815013,1.77668598167596,0.329310216519911,0.0894474001156013,0.105413155032608
"188","1267",13.1566618189353,8.31476257049554,155.606333662609,289.888888888889,443.009154658356,21357.1111111111,14699.4760828783,2.48464137962596,0.603032628399023,0.0371973038555378,0.080111358827512
"189","1268",18.3803883488975,11.5202214118942,22.9036936547434,1825.88888888889,1030.61564664579,14939.3333333333,9147.40990663477,1.30183467052224,0.288974388141585,0.180262406087642,0.092163901104872
"190","1269",28.8884492958968,17.5580518992983,152.572407097691,1281.33333333333,2042.34393528612,15793.7777777778,10864.9093619986,1.77169346328059,0.619408247496248,0.136289823608675,0.215006943024744
"191","1270",23.4596677361912,15.0720029632989,909.508781716663,1601.22222222222,1018.90489960763,15542.4444444444,9804.28303231694,1.30823844722314,0.531114530098758,0.212740976188154,0.246409725094297
"192","1271",17.7124738728323,11.720935438514,157.910909516292,407.222222222222,374.803541131143,20702.6666666667,13873.48510649,2.04540790820987,0.449543172806586,0.0494908807771623,0.0525621522948999
"193","1272",23.2361974193465,12.8847195569631,799.663007777189,4599.88888888889,6033.27443111211,6466.88888888889,4993.77824008146,1.03578522559193,0.587369470687177,0.401493637539923,0.262821835341467
"194","132",7.52554085301514,7.44022288418669,57.8264325712771,3108.66666666667,2908.76932739604,8957.33333333333,7214.99965349965,1.18707494132991,0.448112256006304,0.276303862842457,0.148657640360956
"195","133",9.03921558224212,6.79320701553933,65.5858365205844,2603.77777777778,2561.80077180964,9725.11111111111,8585.09808395403,1.23039248925325,0.469547528383111,0.288406753983937,0.158536018756533
"196","138",25.494948632659,15.9096741127586,818.988021709782,1462.11111111111,1218.04417453191,10214,10156.7321516322,1.31108021939864,0.550402307358985,0.257106943252176,0.213633871954759
"197","141",28.8795907748915,14.8857654530074,977.675110287962,5547.11111111111,4008.68424312905,5973.55555555556,3702.26454724372,0.642218077326787,0.319574932408445,0.528655656813691,0.194912314473145
"198","143",25.1898544845436,13.490860470694,929.369015227839,6391.44444444444,7227.57350552575,5364.88888888889,3095.18385740025,0.581805760625245,0.170237729226448,0.531913569385303,0.147941899497928
"199","144",18.8173382457939,10.5088347430633,462.172113713515,702,1332.65974652197,19811.7777777778,15547.9716183316,2.37466906249031,0.58956674023233,0.0418307849165984,0.0709213766552555
"200","148",26.6166058829221,14.8603217378396,1295.0217988612,4980.44444444444,3412.98883352668,9575.33333333333,8422.9593967916,0.807599327497978,0.303586993109258,0.414841318013475,0.1780081143916
"201","150",19.7053110746758,11.4608476146075,285.768076419602,1227.55555555556,1592.79848938206,9375.77777777778,5458.22759185108,1.7310004162505,0.780911607859728,0.188419678575833,0.263639943326742
"202","152",10.2565524805845,7.25306268861004,143.837335698391,2620.88888888889,2637.59253128892,11296,6719.97633924406,1.2168156314531,0.442289831649359,0.259662058153139,0.160445086039347
"203","157",16.1803569832563,9.36597744691383,279.588682056944,2246.77777777778,2830.39064343501,8795.33333333333,4694.84770786018,1.6344093841333,0.821778044264821,0.199890159649251,0.218263758055283
"204","158",26.5120737967539,12.7628720986477,1248.79899504965,4261.22222222222,4286.44992324003,4724.22222222222,3700.50097209073,0.896598404503786,0.611958449891562,0.463962359197185,0.266387570349461
"205","164",28.2349163514033,16.8251152653436,666.890672800879,6631.77777777778,12986.0756175391,4656.44444444444,3814.46664394615,1.07548600958921,0.824568584630834,0.399393657326573,0.284585062625456
"206","166",3.91186736731379,3.12121486933814,10.6168855693819,1955.55555555556,1363.42290863025,12691.7777777778,9895.10209368476,1.17997238590375,0.390188056322191,0.27989330539639,0.177829766144662
"207","1681",13.3356034700614,7.7956108142986,160.112602858362,2912.11111111111,4147.39612420988,9939.11111111111,3454.34669816322,1.78096715453283,0.983096214484435,0.217254616981534,0.276897652524772
"208","1682",17.4220823703972,7.04689257669727,474.350375659747,3177.11111111111,3998.59067186316,6241.33333333333,3475.40256661009,1.04568308137409,0.391949199376637,0.376213422964444,0.19169301915717
"209","169",21.668994226696,10.9409920283662,667.233356061507,5578.88888888889,4457.08821554063,6315.33333333333,4160.52244315543,0.751908176224594,0.412997159494718,0.470876918845693,0.221311175984234
"210","177",23.9357504627176,16.0912855619142,964.527764958667,4462.77777777778,4069.71518591221,5035.77777777778,3998.39485849565,0.743236740273185,0.602301121243254,0.542376623546648,0.251509865098465
"211","180",29.7147358427106,20.3324024787908,164.621686198075,2611,3692.74579412123,11718.8888888889,9700.04969632172,1.48900528636452,0.568486827497244,0.189757038607817,0.214475127864047
"212","182",18.9059394873444,12.9227557447664,159.737572293049,4631.44444444444,7473.48496538113,10689.5555555556,9134.35223635359,1.20098818473322,0.367854175807338,0.281739029493866,0.139497983599542
"213","185",18.9982905690024,13.597792415429,355.304360023433,6646.22222222222,4903.04659823303,6581.55555555556,4419.72010174601,0.599217754539982,0.282383537365569,0.574256209970125,0.14542446837918
"214","189",10.6790972709764,8.82461135034417,73.870234502058,2300.44444444444,1891.88313005264,14096.4444444444,10127.38918862,1.37696052375039,0.289810614294659,0.19285646851838,0.0886056645504994
"215","195",11.5211708196282,6.1351171263668,233.701321964809,4463.77777777778,5145.68908839666,4562.44444444444,4111.91230181017,0.756909605548299,0.509142873192697,0.489705603224912,0.244310319511045
"216","196",21.6664320057264,11.8090514885202,479.629672111744,1803,2044.09264711754,15827.3333333333,11789.9233670113,1.52005477585288,0.557484505526842,0.193756061688066,0.203749117988439
"217","198",21.7668678094505,10.1704897940386,610.9694374535,1874.22222222222,2984.81501846336,13752.6666666667,10525.873122929,1.66627761825449,0.560046819491597,0.153952043051626,0.152695103673044
"218","200",25.7123879309792,15.1996008558672,1116.11207691193,802.222222222222,1007.75850006063,16078.8888888889,11385.1973681228,1.80197107305219,0.461696095480372,0.11791360575372,0.13613832743748
"219","202",5.78819809320349,3.56808040857161,22.9572777123567,4189.11111111111,2306.47130073433,7397.77777777778,2934.71334962112,0.824888042575589,0.229603196784455,0.419729182034287,0.096922058002485
"220","206",13.2233237222003,6.84444337541325,235.783449046707,1252.66666666667,792.227240127478,13587.7777777778,10182.8667105312,1.43489286725328,0.317796621970456,0.157386557433426,0.133651890898936
"221","209",5.11946783306779,4.47593868693297,37.5446225495718,2902.11111111111,2308.7489276903,9628.66666666667,6827.58903274062,0.983478077790987,0.332157983662817,0.351341865171663,0.164748599255361
"222","21",15.5140675021694,8.52490595138888,411.615882162785,2778.33333333333,2927.11632840241,8351.77777777778,9731.36621674698,1.06956381272491,0.569105761179266,0.332831402454886,0.30557475752925
"223","210",1.59653669255685,1.28863704856255,4.01126080422329,1410.77777777778,1543.83781351684,10601.3333333333,7003.9624499279,1.47070141996493,0.472338752251456,0.220164337661255,0.168102003099733
"224","215",11.2592522836048,10.0181645514166,188.588294226484,5042.33333333333,3932.81235250298,4734.88888888889,3845.71334229569,0.532046594830033,0.237777894805452,0.601440378404475,0.144062038633264
"225","218",2.03841398361024,1.43980527828116,5.90844454330112,4137.33333333333,4910.74556457571,6112.44444444444,4877.50282191387,1.03956840899485,0.577972898436982,0.362009992340041,0.215503522662638
"226","22",6.80790725521826,4.95975038431126,11.3946208331537,473.333333333333,497.525878723911,20567.1111111111,14165.3475464286,2.06586754715811,0.457524889464124,0.0453986507525945,0.0441504720399115
"227","220",5.54160450978204,2.74569481263074,41.0564813284964,4058.55555555556,3798.84022140676,6681.55555555556,3267.26487719894,0.932851248336572,0.471974009174852,0.396870507053396,0.185695317701434
"228","221",8.45983974487161,4.82445336479189,54.4126161973439,2079,4724.58233603776,15148.4444444444,8542.34053276839,1.80565321298013,0.656078524921779,0.135645555725778,0.232736483515799
"229","225",7.85898571609033,6.00476198290198,69.3629654505373,3420.77777777778,3200.40949636831,7466.22222222222,5114.48858092815,0.984187866809201,0.270772181196621,0.364131670054386,0.123400822168982
"230","23",14.5065877817676,18.8117045709609,273.44168425991,627.777777777778,631.704594287903,7918,5335.31864090609,1.68182949542994,0.485157943409569,0.121635930418302,0.109693402207087
"231","232",6.49733673195796,4.87079713078594,73.8103442621942,2863.11111111111,2860.72658796871,9598.88888888889,6283.6125048503,1.15119301258495,0.540520153963905,0.31220884029817,0.188679939954277
"232","238",5.71554174617413,3.09153621483236,55.4014803435083,3588.44444444444,3840.99430848026,6169.55555555556,6151.08338244392,0.800749232449712,0.294306641000664,0.435748499730458,0.153796051328368
"233","24",8.88842435591396,5.00581106202567,150.636440702319,609.111111111111,704.568031570487,21740,18398.5424694458,2.20912309305079,0.497539088526829,0.0359252569401338,0.0387281307356325
"234","242",19.0544709063157,10.2885778503486,722.843971855896,3700.11111111111,3762.4316420516,8752,6416.76320273703,1.04655024891264,0.529501967266539,0.346786886430408,0.243786496783843
"235","245",9.9524247016071,8.32584413195125,186.341947472174,3796.22222222222,3828.92079370212,9948.88888888889,9615.90828321023,1.00786190816678,0.213379869189099,0.311773021765897,0.113880802546645
"236","247",15.4250863964838,7.86065039204791,320.209846476451,848.666666666667,986.896777783776,12594,9661.76236511745,1.72006219112856,0.52399633798657,0.157965976889765,0.181746166444578
"237","248",10.4667355544328,10.0572895115378,226.172911443385,3021.55555555556,2926.20441489958,8648,7086.86305779927,1.13938376480407,0.751329446057311,0.342437360626582,0.202525986359792
"238","25",19.7871793930542,12.7901512816151,176.687693139465,3183.66666666667,4136.83339040866,7524.66666666667,4276.74373793895,1.07112069449166,0.490445929943811,0.307713497042964,0.220518561228033
"239","255",7.74216144771186,5.72763263865365,83.8703942107963,2326.55555555556,2715.96714409026,12818.6666666667,8644.16485266217,1.83669353811336,0.944720295024567,0.168316237269939,0.141428953679508
"240","256",40.1667559870733,21.9855161874803,1832.74081199511,6046.66666666667,3884.10958264568,6603.77777777778,2992.05405105664,0.67962084190081,0.431877973063313,0.541771822612843,0.220978107876411
"241","26",11.6322234792481,6.07236856686266,184.241473016133,1511.11111111111,1745.10267924587,11217.5555555556,5850.90649197009,1.49923013101278,0.428128820970447,0.157567252968058,0.11770798280589
"242","262",19.35015666774,12.1222929682678,241.179599775713,2609,1679.18566573205,7385.77777777778,4283.25325476377,0.986932404098554,0.443263331956128,0.385547447730372,0.215754274753695
"243","266",24.1923986602644,12.2697572791022,1076.35479045466,6156.22222222222,3125.41300381957,6779.11111111111,4334.86909965124,0.619749721509801,0.293684247542707,0.524220624178704,0.193862497406852
"244","268",2.22664873957795,1.58960763673054,8.28610018873544,1481.22222222222,781.018850249112,16358,11201.631041951,1.37684952970492,0.388764787119814,0.204704347254667,0.189930264773573
"245","27",10.9051862631389,8.99706008863499,98.3983720418987,2678.88888888889,3360.21846181333,6681.11111111111,7070.07249687803,1.22572719271315,0.519278446325554,0.241696380680119,0.196440574237769
"246","278",6.71031220149894,7.04859532186789,73.6900891595701,1359.66666666667,1257.971581555,10980.8888888889,7191.07572697654,1.20193169873901,0.575545730106632,0.26525003042216,0.268661718578235
"247","28",3.11423242569811,2.49398933860081,7.06183218943327,2515.77777777778,1909.93898971785,11654,7928.5728223937,1.13924943984643,0.463597126938242,0.276797778895167,0.148157565762328
"248","295",6.55351536408311,5.76365713775515,68.8442497547483,2910.55555555556,2121.09695152715,6899.11111111111,4516.48315740368,0.901422622496345,0.451698792116695,0.40064840555636,0.221055272620605
"249","298",17.5053775165968,11.28207107702,529.906728565307,2160.77777777778,2855.38919316517,9718.66666666667,7651.33942522484,1.5415857848149,0.763284957489144,0.21239863410955,0.277684689081566
"250","300",3.30008595599636,2.38195299636805,6.28752531091292,1038.66666666667,914.775245620475,14037.3333333333,8249.85915031281,1.63900220053057,0.346996562265528,0.154876351675613,0.115235368846363
"251","307",27.8653461342083,17.9496647784612,965.747064704852,1937.55555555556,2088.99103104292,6199.33333333333,4577.19258934994,1.32844631345114,0.771440511225596,0.305686432571643,0.309055308504143
"252","323",14.8300077617205,8.43407266854591,279.94947150284,1616,2347.21366730854,6166,3260.95737475975,1.38188734490494,0.574514422595786,0.241092077231181,0.227551121649575
"253","326",10.6653884428356,7.6670622389352,154.711086360996,1906.44444444444,1423.58527239424,12272.4444444444,9264.37611379081,1.1601876658794,0.577155839833089,0.300992473493005,0.268165620193135
"254","331",8.06350307020897,7.17578463078012,99.0010023416697,1137.44444444444,919.926234965488,5780,3306.89567419355,1.26706776015737,0.452711280077015,0.240886644480333,0.114535516569611
"255","334",14.693503920792,8.77042465425271,281.215660640974,510.333333333333,633.387716963315,10146.2222222222,7339.22805507803,1.9199647318502,0.718586572386757,0.103017957261037,0.187110702210312
"256","335",11.0954438721636,7.2759265930494,86.706623470695,4163.44444444444,3984.66827700598,10336.6666666667,7373.93599104305,1.02677247527937,0.373888481071412,0.337187829391645,0.170472943183846
"257","339",17.7707595358343,11.0158941046691,274.13653859233,4278.77777777778,5491.58453403427,9677.55555555555,10176.1275433132,1.06949676646554,0.409552160251727,0.330549647162217,0.159552039307168
"258","342",9.98631909027737,5.3172520914253,169.562757536224,5413,3835.62410175971,7994.22222222222,3599.11759247242,0.812638758816416,0.313507814711311,0.430910353225978,0.141600804424072
"259","344",38.4843898008032,24.1623521835511,1976.77438989478,1021.77777777778,1602.76337755903,11138,12657.6007205157,1.31500916343004,0.364304460309081,0.20031069429983,0.15769906731591
"260","348",9.0613807481011,5.00144864302693,80.6643212639546,4607.77777777778,3239.37307892198,4391.77777777778,2768.98780142572,0.618401431656518,0.282582121096432,0.544903986396333,0.15484183551207
"261","350",6.10599077515679,6.69183582459791,22.2925234073726,924.555555555556,818.589505049862,17041.7777777778,12915.7714614515,2.11269383938168,0.700890652515497,0.0779104904338268,0.0666730975798666
"262","355",14.0972037517664,8.82309306527788,87.6804216900779,3062.11111111111,1096.89054199182,11778.2222222222,6448.80930439445,1.06656254133522,0.277066594358639,0.333758064347573,0.178739418740316
"263","357",16.9295769427544,11.1010083175182,403.25207754962,2789.88888888889,2871.89930379028,3420,2552.44490635939,0.761260074846232,0.514089311050005,0.504621839885639,0.244647533576529
"264","362",16.4940184438472,8.61210380829712,400.862462786588,3072.44444444444,6368.49295577673,7173.77777777778,3535.4525091485,1.50577336656584,0.728682481742092,0.20069120645204,0.246517839540668
"265","363",25.3597080617419,21.5090990145481,624.306449626128,1082.11111111111,1525.52707649229,9200.44444444445,7547.85232882691,1.73586421321128,0.685024159766008,0.148538099195744,0.150703360178964
"266","367",7.33855600752899,4.63916043349008,85.4151528815569,4094.88888888889,2896.66810510129,9236.22222222222,4236.82126652098,0.963127718938803,0.440281653854761,0.380165057755402,0.166933999391674
"267","374",8.0774707956441,7.33564586262439,52.2550886620753,2393.44444444444,2703.91549937822,8155.55555555556,7069.64283240517,1.13868048700112,0.451003603619203,0.299778310662464,0.193250061591946
"268","376",10.4384167830195,6.47183678275891,58.5394135089605,1701,1401.88373269683,11713.1111111111,6462.4897764802,1.28666799793013,0.3480481395869,0.239199472189519,0.202206924517385
"269","383",17.2770960210342,9.79388220260518,435.480799180456,3127.22222222222,2755.56054995067,7484.22222222222,3628.08509333015,1.03845807159034,0.265637584106059,0.351765029009831,0.141134622686578
"270","396",3.20822319759246,1.40876147032243,13.9225055071251,3084.55555555556,2156.7903300455,9472.66666666667,3610.53403252206,1.06403128280491,0.325899736246104,0.302360375844784,0.115249185626486
"271","398",28.8453230218286,20.7964805652535,852.537447359638,4064,6035.58978062625,3672,3730.30561750643,0.969753105551303,0.703987538002458,0.420597672024346,0.281679023940805
"272","405",24.1735052670003,14.7484105436069,608.167184318587,3016.55555555556,3164.62257272139,9691.33333333333,6592.36164056554,1.32262793690976,0.738739469521878,0.279352414832667,0.245049214880999
"273","408",44.2439898391077,21.126606974849,2576.20853349272,4195.88888888889,4777.69022238896,7083.33333333333,7315.06780556407,1.09302073046617,0.587143530467377,0.337612194148853,0.271958598789151
"274","432",9.31811954299195,6.46298665575447,99.9570183683515,955,1099.32183640643,11769.3333333333,7972.86585864832,1.49353268133924,0.670218040015876,0.23041449812868,0.310865812274731
"275","433",7.61196506370781,3.13320342045912,89.5229255461083,1607.22222222222,2455.19651849795,10429.1111111111,6664.66826714662,1.5996421396912,0.339616516023203,0.149782381375305,0.0945501208688587
"276","435",7.0896468828848,3.05580683380611,77.8935385881819,3932.66666666667,3505.805078723,6888.22222222222,2751.60215955077,0.913362791723964,0.463130260041766,0.386177080963131,0.200441607919719
"277","439",17.6386823536292,11.2827817254602,256.43006504483,4537.88888888889,5565.91886943307,4781.77777777778,2446.68376469957,0.87324332979056,0.402139752514808,0.446588642715979,0.205590029920473
"278","449",6.34807991278909,5.58890408878028,38.3211658900489,2506.88888888889,2293.30680701713,8558.66666666667,9119.24689873018,0.894570943896003,0.408055821651361,0.384220238633225,0.218671676015259
"279","452",8.52499644264671,4.72737060366871,114.903924754706,3035.55555555556,3280.87824031581,6407.77777777778,4318.59403561442,0.882015350738807,0.367512259889142,0.386132430017281,0.201715836882855
"280","453",39.5384751457056,20.4762141133803,1762.27211611694,5301.55555555556,3658.58518115648,3297.77777777778,3062.76940765126,0.575111134211147,0.523518211283437,0.623120815004548,0.253818665664
"281","462",9.20653478705732,4.31810436630654,127.006186974715,2207.88888888889,3424.01604276486,15286.6666666667,8032.1259327777,1.84178710076676,0.460115298702043,0.124149690880584,0.151103682477759
"282","470",16.509802548796,8.50064912926078,463.910578998441,3527.44444444444,10101.2216725393,12395.5555555556,10590.8195517523,1.95464442862764,0.910185603652139,0.164783758457701,0.299353936301825
"283","475",17.5349110320006,10.0827046118954,201.919271908087,1768.77777777778,2160.89031291374,8463.33333333333,3306.5361029331,1.45377598075518,0.563121166610241,0.190555294253758,0.190715554487698
"284","476",6.83875305230975,3.43084386527152,53.1311248379021,3305.44444444444,2439.50036437336,7222.66666666667,3968.63679366102,0.917785215559781,0.347825197137997,0.375307240899195,0.1695162739644
"285","481",19.7536225128811,12.065048334918,439.370530765496,3547.33333333333,3025.85483789292,9448.44444444445,6345.14686810146,1.08177883583442,0.502730758563019,0.337829376900437,0.228678114565658
"286","483",5.15050623117603,2.60351788184187,38.9237900088969,1481.11111111111,1799.63047904594,7073.77777777778,3535.27925975367,1.32881800404129,0.503490737701728,0.221105530939998,0.131618254285907
"287","484",25.3158184362507,13.893413949681,679.771801952811,4222.11111111111,3886.85713155386,3800.22222222222,2627.59651477247,0.682133074642341,0.460669291607161,0.53303095973785,0.248386266464357
"288","496",12.8665930057576,8.05452560182215,129.371934465475,2722.77777777778,3838.78075623556,9556.22222222222,10292.8697866263,1.21555997910144,0.611050503830374,0.285987077476395,0.223731238345755
"289","501",31.8243747664913,16.581499078944,1309.54029732927,7349.44444444444,11035.6556908857,5609.33333333333,5984.65972299178,0.665495460292167,0.542347796297663,0.530033343151132,0.249068137283936
"290","502",24.1470975449949,10.8206222467018,1086.79877486338,7667.22222222222,4667.74037350456,5140.44444444444,4026.51620855769,0.461101783455133,0.215295922381018,0.639458732470982,0.154786185268286
"291","507",13.8634517242267,8.55732532550801,198.293215187226,5019.44444444444,3702.0933305061,7938.66666666667,6087.87935162976,0.807003943161561,0.426094804774761,0.462989596208201,0.218130298254902
"292","509",9.86289726732981,6.41277946502261,73.7190161623801,1661,1528.21611691541,11800,7818.8118023137,1.30959411491047,0.411685659702262,0.207990827022658,0.171091329577696
"293","510",13.3047833546172,7.8189878957162,313.781386555168,3568.44444444444,4345.23978369178,10734.8888888889,9973.63600253745,1.55010084688727,0.898374229388143,0.260551275073279,0.207618604476353
"294","511",18.0592328441611,13.5985534927304,526.688556580429,2304.11111111111,2118.36684998399,5709.77777777778,4639.10621180896,1.03542144599826,0.231381064885585,0.311546931959895,0.146900519381287
"295","512",25.6449981034442,16.6972948531697,1074.26015179789,6720.66666666667,5068.71421072445,7592.66666666667,5460.43011126413,0.637121598416538,0.349376005742629,0.554506723767644,0.124907498884602
"296","514",22.8019418116537,13.3746382808107,846.200392774866,1552.88888888889,1945.94433659113,10230,8645.031521053,1.46344778476054,0.677279044442488,0.209940805677559,0.24080521247348
"297","516",23.451784903766,16.9822996996944,139.778748766363,2068.55555555556,3362.50152829375,4401.33333333333,2876.46206302117,1.46473559618562,1.05290254118209,0.305314120386945,0.295068142594985
"298","524",5.01540853474989,3.35100475980527,19.9073771348628,172.222222222222,130.254345203699,14363.1111111111,8194.80482446721,1.98791768613824,0.331661681828895,0.0308458009041416,0.0303784614495293
"299","531",16.2266383678811,8.61598807638159,419.981812764878,2828.88888888889,2060.69505534203,4854.66666666667,3902.22103423166,0.75318090412107,0.324619456726036,0.48414538228445,0.134173625718974
"300","540",24.404816786335,15.3861426590808,120.780247437176,3811.11111111111,5108.03223963114,7244.88888888889,4317.91779809564,1.18717867631232,0.709477437493005,0.331199847360814,0.265915641689663
"301","548",15.4972886242371,6.50342355263038,382.497579857239,1058.44444444444,2163.68384422905,12969.3333333333,5680.97667659356,2.30271860081294,0.786171050287426,0.102696888530115,0.214397781685282
"302","569",7.41282913558721,4.3574230222559,42.3441823904652,379,330.856464346701,12540.4444444444,8656.91658604712,1.88781362514476,0.250995334287427,0.0530007180244284,0.0346650434771804
"303","577",8.99960933109369,5.82085644158732,66.6772675329563,1830.77777777778,1549.70608324432,7250.22222222222,3604.73694524919,1.34421413253927,0.561740734638306,0.230014874357272,0.131185532182035
"304","584",11.6511703277315,7.98857731278908,34.210411639173,405,661.187378887407,19996.8888888889,14737.4222342685,2.37087270590289,0.594169518481152,0.0527754631648608,0.103921600460138
"305","587",6.78846056822926,3.57578668049421,47.118888034529,4243.77777777778,3381.81041669169,6274.22222222222,3354.41849572239,0.859889295436908,0.375849919067781,0.441152576791615,0.161040339358028
"306","596",8.45965384456641,4.68712784736231,105.677251763327,1207.66666666667,1124.76475318175,6850.88888888889,4929.63336477583,1.45621596652369,0.533913903498371,0.217381459297571,0.196852758259537
"307","598",26.5780537908795,13.7888411356442,1069.80054626552,4104.55555555556,3667.77027331017,2828,1960.90234331034,0.667392070075936,0.617289258981554,0.561896385803014,0.29495998812559
"308","615",3.73437873942996,2.61417657238543,11.8063161105073,1870.66666666667,2373.0960789652,7214.66666666667,5378.2103900833,1.21709706762892,0.337038405871028,0.240255728718701,0.121062497975361
"309","621",22.2136773131499,13.1281807252979,301.903866339753,4418.11111111111,5804.82281048363,5834.88888888889,2570.75749753086,0.90375193297133,0.34253197724874,0.391661681786387,0.171849213305532
"310","622",2.57457173047221,2.15762220247229,7.46012241828017,1857.55555555556,1972.68231800708,11968.2222222222,10052.8268882163,1.39990814270868,0.544860306322607,0.238103250847238,0.206745956025567
"311","631",15.1317010264886,8.08339517838574,331.525692112079,4552.33333333333,9824.58950796419,3310.22222222222,2459.88951874763,0.805330650340975,0.51060515743646,0.482434839348528,0.238633341142122
"312","646",9.75165220718144,6.33662130331171,64.2365464462209,1614,1331.66624947845,12000.4444444444,7336.36986375263,1.45111491117905,0.330208443292349,0.196963414318324,0.164987403699786
"313","649",27.9031909031839,20.2365155985061,327.836386764283,1867,2463.8654082559,8339.55555555555,10358.9357936893,1.39826699997469,0.66522012550257,0.23805518191849,0.133242438442017
"314","650",15.7146512947831,8.51813841673745,223.857288931947,4153.33333333333,4065.00412053912,9526.22222222222,2903.52000930671,1.04629185319086,0.492922074579576,0.324339500509642,0.238886118812738
"315","655",7.06473446169378,3.20729454292403,80.0885349074064,4686.77777777778,5710.83559511605,7708.66666666667,7710.57572428934,0.806006049494937,0.237917122760551,0.44203122777873,0.136109497446061
"316","656",8.13963783635135,6.25899448621132,12.5949177812052,2030.66666666667,2138.83315151042,8714.22222222222,5317.65046279317,1.27365151628574,0.293781377335578,0.218534153979698,0.152567230498919
"317","658",10.1482079209788,5.55081434422789,179.30533962764,860,917.53283319999,17404.4444444444,11814.5652386272,1.66528450294606,0.490058600308438,0.139552691196762,0.149958983916522
"318","661",16.8678833366661,10.6264673847505,451.77910478638,8305.88888888889,11126.6040466582,3318,3155.41043289142,0.52918248166454,0.543764694486051,0.663727856920922,0.274266684576737
"319","670",9.99454668667306,5.79114534094419,189.144748116744,1273.66666666667,1265.15858689731,12671.7777777778,8703.5342502023,1.55406897902743,0.485879195489889,0.145669115285525,0.106317790975867
"320","677",6.21701796933674,3.53501623099027,50.758892853494,602.222222222222,560.805843803758,13379.1111111111,13674.1544568983,1.76660080229003,0.579243810093971,0.126746596632168,0.170291959777849
"321","680",23.1156217991845,11.0071176016812,887.20508670265,2452.55555555556,1992.53501293648,12434.2222222222,10318.8299455144,1.16152129865224,0.541932408186649,0.279580322572628,0.248802423678949
"322","683",16.0648311801756,11.5286025367761,350.790510932311,6368.11111111111,12663.7289180996,3524.88888888889,2078.52690892158,0.827819231538456,0.691734556299542,0.483613089349136,0.258501240054815
"323","692",17.2791345754252,12.6154465334017,120.627237539778,1630.22222222222,1853.90329964765,12573.3333333333,13930.0778174424,1.34870363235189,0.464596006463202,0.219853358539863,0.17570843183819
"324","693",12.0438189809862,9.54088210588727,130.723497276456,1942.33333333333,1783.44056531189,8930.88888888889,7374.04625094738,1.14648974792899,0.225069598536175,0.247848369478828,0.0701727058788181
"325","696",18.1686302724389,9.34199899605968,478.635559734659,2585.88888888889,2869.18165355753,8144.88888888889,5782.12496502031,1.32609987109783,0.672092250591715,0.281492605686581,0.262387005998484
"326","700",15.0581014236256,7.63540451055079,369.126011320283,1018.33333333333,1046.99068763767,10152.2222222222,7453.72970025372,1.50017300233535,0.602520210372108,0.163575359312865,0.13840090854614
"327","701",9.88589362595618,4.97039178636345,100.480124931991,291.333333333333,327.622114638191,13792,5967.34932780041,2.06326593367121,0.248131778230856,0.054443880254769,0.0640986205553434
"328","702",11.581769351541,9.53212087041516,199.555113552704,584.666666666667,239.69303285661,14671.1111111111,10458.0427476231,1.65352031940936,0.566904616025877,0.152987677019832,0.200891818814245
"329","704",10.3739967436261,6.81128276069916,72.6317451401228,144.111111111111,220.695743300842,9104.88888888889,3949.18474005852,1.95042203569536,0.221766449302055,0.0249715801704455,0.0283005699833871
"330","707",7.14769512233686,4.08725422810259,62.2888705442311,384,997.094905212137,17301.1111111111,8182.15406302711,2.3531987431016,0.53299209815297,0.0580584143709941,0.145039954806478
"331","713",10.7672928081849,7.94866909052654,76.568478692316,2363,1641.06809730736,10005.1111111111,6915.23478351322,1.16127269875193,0.355847430629705,0.265526965584437,0.13176111210642
"332","714",1.99326379791781,1.09235569913994,5.19944097495174,1685.44444444444,1130.81000958507,13348,7549.95741709846,1.44786048098052,0.359894004948333,0.206111436645721,0.142970926091341
"333","719",7.81067801845281,4.00667367442468,91.5367476072417,4402.22222222222,4493.62155665611,5232.44444444444,4777.57875683675,0.792379469471668,0.350779748061954,0.4344587748633,0.198982077231536
"334","722",7.56081113333343,3.56794109143271,71.9327501761095,1685,1294.61210406824,3988,2636.06752569049,0.956333231151352,0.409601135949836,0.370824643221862,0.184405702915223
"335","724",19.4715155111297,11.4196562060923,311.597299682378,3224.88888888889,4890.75432434621,5702.88888888889,2675.17459450988,1.18766235894877,0.553045609420933,0.31096594364802,0.230361745229934
"336","725",10.1631196162865,6.88523512553139,199.383454128386,4219.55555555556,6498.1648777003,8126.66666666667,5571.21799968373,1.0127329654477,0.510016848395477,0.346964956893026,0.256522945082692
"337","726",15.5674347067987,8.16903569104389,296.683304893868,3856.33333333333,3128.34293196894,7849.55555555556,4954.29891889637,0.907120026300018,0.263347760382981,0.372377463999912,0.126672325613314
"338","727",13.6248692350326,9.40995739609742,322.321389775091,4258.66666666667,4842.84139219942,8034.22222222222,8154.50289376639,0.785618277789051,0.268518110681195,0.395297733095794,0.183870475220881
"339","729",21.7398922750016,13.3682430517282,186.371161000578,4514.22222222222,7564.57191085156,5626.88888888889,3448.29510209192,1.09279606214689,0.531431107750608,0.330861065310567,0.245295735440993
"340","730",12.3062099345937,6.51537098378961,237.17874327832,6067,5684.82847146684,7012.66666666667,5141.69874652337,0.668870080106826,0.250295552245379,0.494896149299843,0.156754788549657
"341","731",15.4263324797238,8.50772769724642,338.911799302833,2828.33333333333,2596.41392116126,6638,4794.31663535065,1.02555889462712,0.444738281041102,0.315974160017112,0.219988883072002
"342","734",6.45083853130617,5.83641814223644,62.8490420113765,1164,1096.61422113704,6737.11111111111,3796.41226832797,1.44483995074644,0.626160943078331,0.202462855750887,0.119526601576105
"343","735",12.0021620518022,7.63054568290545,79.0803478146405,3593.55555555556,4169.32323978098,6608,3880.52792800155,1.01311840189392,0.372543510072906,0.336232696715394,0.180654330450809
"344","740",8.73581191763766,5.11594649443271,76.0438703614592,1792.11111111111,1807.16300070334,7406.88888888889,3162.09030723525,1.26293174443292,0.298203140812203,0.230340776141611,0.115843351199938
"345","741",12.0836397440626,8.81476745321886,78.2133352833406,3043.11111111111,3936.49236136832,6364.44444444444,6716.51001471581,1.06703749190922,0.46282478270265,0.312192917920289,0.193049743881313
"346","746",8.6335538749742,6.81563357298264,135.54117105815,2279.11111111111,1615.22749515699,8427.77777777778,7201.33712892574,1.07634173608284,0.364292618703781,0.289055122759476,0.184596267429544
"347","748",10.6442826175643,6.63526194134277,136.811332563893,1143.66666666667,1070.06752123406,9843.77777777778,4488.0487346334,1.50515127376559,0.502168908771116,0.178177361291053,0.20692771176887
"348","750",11.6546104481209,8.19569023726153,225.426452341816,4108.22222222222,3829.8030882076,8700.22222222222,8442.20951199652,0.873618756507383,0.358553138194512,0.412291231488036,0.194173140117777
"349","751",6.56787679793606,3.51968974770447,45.5914047017746,4336.66666666667,4135.86426880767,8983.33333333333,8133.21000589558,0.848126009736594,0.345285046335607,0.389703453916248,0.200930484898814
"350","755",7.68847331126001,5.6596335859029,94.0549949207872,3049.55555555556,3945.89030229906,7105.55555555556,2834.75091988305,1.08351097144706,0.47253800167508,0.315761275493008,0.189151837475159
"351","757",15.9667121691273,6.9889617563752,310.672024157064,5021.33333333333,4987.15966257348,4819.55555555556,1828.03330871671,0.758229815724684,0.503013656988215,0.491727258196151,0.246143743936188
"352","759",13.1217349241487,7.83209125285556,285.669800155362,2120.88888888889,2057.26137403858,3991.33333333333,1893.54165520593,1.04002393416561,0.556371387341701,0.388541596021535,0.236627171262341
"353","760",7.19689691116234,4.49582602359669,95.9503881130045,2065.88888888889,1543.08639133106,7188.44444444444,3623.51469953935,1.14031213619118,0.373704925631759,0.297007657455391,0.152805763768238
"354","762",15.5622333281699,9.92985952458571,300.44362190302,4037.55555555556,4843.55559251443,7436.44444444444,5510.33935232466,1.0354979051893,0.464884054480719,0.331299656336181,0.200110723841212
"355","769",9.24586438689448,5.70194440390131,67.902925487491,3370.88888888889,1779.11582284884,8088.44444444444,2434.95087789832,1.00201128359755,0.442383792867403,0.361263571922391,0.170032397152868
"356","771",10.162547170007,10.2699313766109,102.267353718578,1083.11111111111,1138.85034623128,8913.11111111111,7938.43719576537,1.61948442046202,0.442517486709559,0.125478462205422,0.104334643740055
"357","773",8.12122598463388,6.23255938207028,138.433250728839,2587.33333333333,2902.15708568644,9232.22222222222,10497.073184676,1.24167744137639,0.753330563895019,0.296775251758143,0.238356614799773
"358","776",10.5486644944379,8.17282474412749,179.7739627295,1926.33333333333,1898.15357650534,6402.44444444444,5392.82957062225,1.1174749536474,0.452904266614478,0.299234502888643,0.221698632345813
"359","782",12.5683043360037,6.8609309776276,205.611757940534,5926.44444444444,3823.55136329797,5060.22222222222,3275.46827865031,0.581489058556263,0.245426467154965,0.57782535086115,0.152247654392025
"360","788",3.31959704138277,1.86586231585066,16.8897786883282,1741,1425.66826435886,8123.55555555556,6027.05224614635,1.11627991640624,0.301993681601421,0.280763176724021,0.116624322391193
"361","789",15.9398517734142,10.5926979816394,355.670707645544,2089,2926.11393318852,6462.88888888889,5223.2945648423,1.33077405853222,0.598165874839107,0.21917953383887,0.162512313790175
"362","793",23.2266323684778,13.202786937399,470.808096769725,2206.11111111111,3519.6669034315,6651.33333333333,5300.15735615463,1.41498341617625,0.566908066775978,0.22602707828492,0.172456763530219
"363","796",4.14198969014551,2.90157051127806,23.8098044137276,3354.88888888889,4891.42628597336,6704,5537.02004692055,0.949386066258187,0.351258320073912,0.346988488520523,0.147611782996701
"364","801",11.8120572343101,5.51851115504985,212.874388175595,1696.66666666667,1198.10798762048,9352.88888888889,7170.03891977659,1.25710849931576,0.582233180699062,0.272556317813819,0.224885212612158
"365","802",2.59449639274059,2.18332928304405,5.38940127091389,2680.88888888889,3190.14668332212,8234.22222222222,4863.3429289373,1.06353647915234,0.290790759044839,0.293210414681154,0.133458107289982
"366","803",10.2236333883893,6.34836664344108,84.2517212865326,1369.22222222222,781.457096995379,13006.4444444444,6149.86420807629,1.5392231387738,0.351489169867202,0.159117086502406,0.103406967110121
"367","804",16.818258257265,9.81894533625499,154.239673499322,4563.22222222222,2623.13794803942,5944.88888888889,2768.16620005214,0.715458841997557,0.322929998073666,0.511804217382862,0.179645131383741
"368","805",25.4088666909618,16.276497696759,549.636258971522,5321,8367.10066271465,4228,3414.47858391292,1.0179225492809,0.796614595263169,0.431091346869249,0.260772413888908
"369","808",26.5237922006382,15.3779118121627,885.850687965582,257.777777777778,271.169125168122,17740,13384.315036639,2.19099663106753,0.330789141355544,0.0441742738436732,0.0398338512949819
"370","811",10.2727212728878,5.26727208108326,132.595953009847,3207.88888888889,3595.74646090504,6286.88888888889,3669.16177227321,1.04160112561901,0.408503450083395,0.365273758506972,0.181401544461166
"371","812",21.6053425976943,11.7529617211163,586.042895119018,501.888888888889,1263.09584399249,16862,9475.78566663472,2.42165099000272,0.63980305138331,0.0585078297457634,0.144450030825841
"372","818",22.4487179440622,12.4687735748824,750.605140735472,5860.77777777778,8510.27725426407,4645.55555555556,3103.34396704229,0.690089900561806,0.399094344682617,0.494665360952362,0.253827576227571
"373","819",11.2558389856099,6.39108507546085,148.962632091629,1175.66666666667,849.563711560234,9708.88888888889,6074.53233682323,1.39163195674176,0.494965823101945,0.199343666639009,0.182716730367784
"374","820",11.473151121049,6.91451822846578,174.916498721149,1698.55555555556,1518.79476157175,11552.8888888889,7896.75035132244,1.40919915889765,0.371207559448516,0.199245528334507,0.158467708624131
"375","821",2.00634463105871,0.988904938763522,5.21167282233975,1490.55555555556,933.509388157279,11799.3333333333,5334.68480793383,1.47664287369122,0.457878636730708,0.178823200568226,0.104623751799787
"376","822",12.278557802875,7.20818146937568,127.277995787547,434.777777777778,584.260382401926,15180,9140.4919998871,2.05918069267784,0.523724438853177,0.0868046708942921,0.142080758187517
"377","823",20.0420647226044,11.4496476165282,629.714326619266,3104.66666666667,4609.56367240979,5838.66666666667,3261.21357779585,1.32344370052294,0.851839483892541,0.303965842118876,0.299194198231499
"378","825",11.7796260098246,10.5198074938414,163.46203355597,2626.88888888889,2463.45674025567,8253.11111111111,7473.12104218252,1.00013000004142,0.379565457564532,0.351290301518643,0.200902350037769
"379","826",12.8324267040969,6.38167698974966,238.042792137021,1350.88888888889,1352.10774759673,14050,6710.05052141934,1.49444233414689,0.334100000874746,0.139989865481014,0.106734160952188
"380","830",12.214229640718,5.96762837871379,191.119406780253,2111.11111111111,1869.70762717359,5773.55555555556,2877.21945248842,1.1223365829907,0.398907151672829,0.331700049079394,0.133009240071156
"381","832",14.6342438999932,8.49859068029633,161.163432199966,2421.55555555556,3271.68500589188,6014.88888888889,4066.42325774274,1.28413949711323,0.683799396474643,0.292133090620723,0.197155799420437
"382","834",31.1721630972674,20.4793382712352,966.296134642904,3311.66666666667,4179.52156352853,9604.44444444445,8407.17727764663,1.43679343150296,0.912008637664527,0.25688051859747,0.281580831074945
"383","835",6.84965675139397,5.46099830052611,41.3745039294348,1003.11111111111,896.409008829737,10246.8888888889,7132.88406684919,1.51718312223436,0.597167713037355,0.202634095161511,0.256847743410381
"384","836",13.3037550469825,9.45931110186408,219.976593638185,3745.66666666667,7951.75446049487,9065.55555555555,5227.24849015022,1.23400574948494,0.417284992580215,0.231057306137163,0.231662724887574
"385","837",6.42196331215241,3.52569840119354,44.2004052581639,3093.77777777778,5388.5428173528,8228.66666666667,4229.03204055018,1.54001005856821,0.586691799908486,0.210395356470181,0.214702663201229
"386","841",13.0138225154252,9.75838799513395,266.395520714304,1651.55555555556,1465.01886601428,7206.22222222222,4349.38081161496,1.15034405900194,0.293446819258368,0.23788860793907,0.103947998909701
"387","842",19.7500167568841,10.4830208771014,390.559213663714,3240.33333333333,4029.07532816154,6387.55555555556,5960.4939206225,0.825869592892987,0.23775446540566,0.376501284680501,0.156884055015883
"388","843",16.992479352459,9.38168099467261,441.76854720291,318.222222222222,465.456705230942,19143.3333333333,14638.2574441086,2.22911815405486,0.325770195204033,0.0355524979653041,0.0438871365368406
"389","846",19.044659266087,11.8124603114759,146.946172705583,1033,1250.89967623307,15677.3333333333,14452.4484084877,1.69920442161954,0.592102397418276,0.166055778417454,0.247526380405075
"390","848",18.0736204688701,10.8769662875542,453.213350721888,320.888888888889,355.492772234698,12061.1111111111,8346.20788808373,2.14366615871513,0.467756815748778,0.0583499921860236,0.0605551999681955
"391","849",5.8578196394259,3.41567699086092,35.5187541774711,446,390.674416874205,13585.3333333333,9687.08599115338,1.81793992152869,0.275126177899556,0.0786546476725614,0.052174654538792
"392","853",43.5309401422723,23.729035480989,1923.94714505106,3362.33333333333,3226.19880819518,5635.11111111111,3409.09711083611,0.956689187626404,0.527959718974153,0.392523334005393,0.215412411412674
"393","854",18.1099216705264,9.38616576920475,455.725050641097,2658.11111111111,2367.32382894929,14625.3333333333,10638.5062391296,1.53384688151989,0.522289187956746,0.175393041699769,0.110420405122652
"394","856",10.7287937312333,7.75884700889116,191.579198596965,2168.66666666667,2074.51982395927,8553.77777777778,6623.92002098791,1.28964461471728,0.479325188954314,0.214300813173292,0.170077556566354
"395","857",16.2171534439602,10.7527061185829,260.003775656949,1557.11111111111,1899.39098426604,9586,6689.9174882804,1.64968758719693,0.585975089276866,0.164505806735719,0.117290862875042
"396","861",13.8623846285409,8.05473646508139,197.532951239261,221.666666666667,314.960314960472,15366,9473.13907846813,2.29677161048231,0.572337681567337,0.0594808678742645,0.116565520501566
"397","863",7.82499786236385,4.76075453471512,58.9113575088122,778.111111111111,1032.96968063497,7316,4804.90613852133,1.88241250330264,0.782734271602815,0.166460945033827,0.204632290420435
"398","868",8.2983913341137,6.1371041685442,63.2885666508759,477,498.685772806885,10386.2222222222,7174.52907475079,1.90921631824242,0.328775574548411,0.0824282363315912,0.0884224840333195
"399","871",3.99214243310625,1.86233455510966,26.0183390580065,886.333333333333,774.55261280303,8753.55555555555,5854.97342246553,1.43204737370351,0.29962659166439,0.184851392003042,0.108355319117814
"400","874",9.72379093051432,5.81274401621012,95.6516778262822,1361.33333333333,1528.19509552936,11864.4444444444,5949.11773104027,1.50557537191563,0.45188142786788,0.170197809107321,0.185177041801397
"401","880",18.6138799730166,10.0826599025593,363.452263523408,527.222222222222,1152.76805752261,17092.4444444444,12768.3604577008,2.33055682268043,0.422646079841645,0.0315191357787426,0.0428963727216245
"402","882",23.1688553291153,12.6046176301779,718.068621312579,4372.33333333333,4057.43188482567,6184.88888888889,2992.80205010474,1.00372003276941,0.538910678979268,0.423497777627123,0.2621321072837
"403","885",16.8033266180567,14.293554301245,69.7024057045737,3533.11111111111,4190.04846166618,8426.44444444445,4008.01606505984,1.06129928119331,0.51466290298999,0.319370182778654,0.232227122486049
"404","886",19.693406388808,11.9356074312236,249.189366069975,5026.66666666667,6677.95187538814,5844.22222222222,3018.12415987886,0.917436738143788,0.490561638169466,0.413195917619116,0.233705849201553
"405","890",9.38497158199052,5.91279131849844,107.917083739846,4557.44444444444,3421.69074110706,7764.44444444444,5918.64019668182,0.744241409095388,0.204003337425706,0.438266252621207,0.101906443130132
"406","896",12.8940437732487,8.49419785026456,209.443016902371,3592.33333333333,4019.76078268347,4146.22222222222,3839.91294750863,0.804151443610887,0.306549484404969,0.444514629015466,0.172261652629429
"407","897",13.7128492426468,7.839707912678,231.851698102925,81.6666666666667,108.39626377325,13400.8888888889,6253.92109888757,2.42128439409191,0.364382962154722,0.0150863840274936,0.0238844843178119
"408","900",6.79466280110106,4.25024994906374,84.2131319542073,3245.33333333333,2601.53622884633,9495.11111111111,6673.75330013862,0.96594335094546,0.130888135893412,0.336291643227062,0.0711314202372172
"409","903",17.2083206511224,9.05075836929626,521.216831733377,2485.77777777778,1790.36824269323,9788,5886.69032649077,1.08390016401341,0.473551287313679,0.306657515927987,0.193532929128725
"410","909",29.4497882098814,13.2863946989699,1345.56179954841,3625.11111111111,3431.52485946279,5374.66666666667,2445.88123178539,0.977413679829271,0.564833649074379,0.38849500104982,0.254205438881787
"411","912",28.0924852005521,16.1542253524565,1417.40463465762,5162.44444444444,5750.1404354831,9660,6594.98362393721,0.916227311784784,0.263878034442652,0.361540203662491,0.13911661065848
"412","915",23.529601101296,12.0631668486237,691.123692114142,1873.22222222222,914.502156610057,3773.11111111111,2663.71246779961,0.812116644161491,0.36621388778699,0.431813708313819,0.206245390798144
"413","917",10.3834241095488,6.6364927906594,193.170996167358,2298.44444444444,2361.72210003162,7677.55555555556,3995.84831766394,1.09945064208661,0.498997911208805,0.289997774417009,0.167308310510674
"414","918",23.9848939841993,14.7263984117173,523.982302430936,962.777777777778,942.414688151901,10413.3333333333,6132.57792449472,1.52579421222564,0.246700656901537,0.136559940699799,0.0845476093067827
"415","923",31.3833513181093,16.5660425639851,1266.89966572796,2316.22222222222,1479.73872506076,5220.88888888889,2285.36717205597,1.01106512373215,0.513250880460293,0.346373314620267,0.162633445322769
"416","936",25.8589075313832,18.2084441684812,274.917110544214,3494.77777777778,4616.01071754003,5703.55555555556,4093.41688296926,1.08313749106062,0.453788642859468,0.302826848859321,0.20835811301777
"417","939",7.01461100506888,4.40162020069324,8.01965001596004,1508,2410.46064062453,11103.7777777778,6933.99469602079,1.4864323350482,0.43793379386953,0.171288877216644,0.200741054056671
"418","940",11.7008689622297,6.090758798279,214.806303089921,7949,10085.7036690555,5227.11111111111,6053.46909722938,0.487318860642343,0.292186655501545,0.600790892238671,0.19692712194237
"419","951",3.97495305983297,3.73887696145393,20.8106741849451,2172.88888888889,1117.46246519116,10088,6071.15878560263,1.01531368795448,0.344817199680002,0.315743415974775,0.197611799203442
"420","952",8.09899159975796,5.57961623012178,75.8740862221563,3465.22222222222,2430.63041091081,9879.33333333333,7682.89157804534,0.887861718241374,0.431735033627397,0.398597588415264,0.255085699066107
"421","955",16.1982469065269,13.9234405230462,349.538637379489,2050.22222222222,3256.17976998268,6388.88888888889,3462.30112946738,1.15344368995942,0.558352480239171,0.283210258702877,0.28922052829557
"422","959",9.90400896270083,5.81802487395756,72.4657406303043,2041.66666666667,1936.10917822317,7084.44444444444,4599.18827379112,1.25728241146303,0.618152856127141,0.277158974432615,0.178961935167625
"423","960",5.55181179541233,3.6059845203494,32.9237862239273,1430.22222222222,1051.15588494021,12628.2222222222,9872.3122643302,1.39502885489751,0.545920222404999,0.222516509140711,0.195684284206863
"424","963",21.7370434833374,15.530531777912,535.204742819694,2196.88888888889,2852.09740561418,12723.1111111111,17722.1032361035,1.48857621856188,0.728645612881406,0.197217435577442,0.26378659409104
"425","966",22.0903973953608,12.5827237709261,566.223775416871,4718.11111111111,6104.43241514812,6169.77777777778,5903.39168990543,0.970927133170331,0.443209013484351,0.342428460722023,0.240134203394824
"426","967",3.59005265165432,2.61293461501669,10.9519237373191,2897.66666666667,3858.24697887525,6693.55555555556,4078.22593510681,1.03826300436463,0.313513814452035,0.325063452175203,0.133745215714966
"427","979",24.2047138300915,13.136564986165,596.734225292219,3142.11111111111,2629.15516109474,5207.55555555556,2556.88947312507,0.884421517981461,0.412748334175404,0.428099242961332,0.170639622274066
"428","980",14.8506463077445,8.67154014764081,175.005663128657,3541.44444444444,2797.494732395,10595.5555555556,5618.45190223942,0.983571538113297,0.370932798834285,0.34946797213215,0.191903625446033
"429","981",7.40667238656844,3.97326952630241,83.5793209172328,6534.66666666667,3420.86641072112,8671.55555555555,4957.95903349128,0.664919266862112,0.241828837622344,0.496426288257343,0.134011652552163
"430","986",33.5086482039831,19.0677831588181,899.588052586705,2159.77777777778,2430.46162167693,13092,8400.08142817675,1.47017245050573,0.686216504370472,0.234982088404895,0.25504487630231
"431","987",12.333271123604,9.3627583695234,95.0962694036349,5458.22222222222,3248.57706456911,9727.77777777778,3466.89579371005,0.90337062623379,0.436736538408842,0.417649655846247,0.131892204748
"432","989",12.4229876071084,6.76267606252956,241.126697598107,1797,3319.91889961186,7787.33333333333,4218.53315739014,1.46320182484743,0.547795251136309,0.191778821094006,0.178903912034871
"433","990",9.32506395686515,5.44797210153897,67.4824149720908,1989.11111111111,4676.21552231194,16420.2222222222,6130.83978296974,2.38015162074567,0.781225963669635,0.0930139309945847,0.198904827567327
"434","993",25.1139092712249,13.9665892802409,1024.82846156125,2802.88888888889,3778.6850372995,9888.88888888889,11373.1243337577,1.19959181059672,0.398621479020414,0.255814562115968,0.144972174211693
"435","994",20.6220889383512,13.4613394569582,243.809049120532,4116.66666666667,6534.08346671513,6999.11111111111,4820.12137929234,1.29142209415484,0.732951339093703,0.31015333613828,0.232609224689197
"436","998",16.3677137554752,10.2469886731838,298.289965004378,2805,4150.61823708228,8842.66666666667,5227.69452053197,1.30055014179483,0.471081025216705,0.240958395045825,0.159788955772709
"437","999",21.5897893823523,14.706890283982,138.968862446506,3619.55555555556,4231.60619951547,12582.2222222222,9313.40257072808,1.30294111587008,0.582060355748598,0.306688322981713,0.25598189486847
