"Image_id";"Lenght";"HeadHei";"HeadLat";"HeadFron";"SnoutLen";"SnoutHei";"SnoutWid";"EarLen";"TruffleWid";"TruffleHei";"EyeDia";"HeadBodyLen";"ChestLen";"ChestHigh";"FrontLeg";"HindLeg"
21;21;8,43;9,96;8,3;2,5;4,42;5,37;0,68;1,81;0,71;0,8;18,65;7,3;8,16;6,72;5,3
22;23;9,12;9,02;6,76;2,12;4,1;4,41;2,3;0,84;0,91;0,87;17,06;6,19;8,64;6,81;7,22
23;30;6,01;7;4,01;2,2;3,62;3,79;1,37;0,96;1,16;0,5;14,73;4,39;5,8;8,44;12,91
24;23,5;9,11;11,07;8,35;3,43;4,96;6;2,01;2,73;2,24;1,42;16,25;10,19;10,38;9,25;7,8
25;28;8,68;10,53;10,06;4,1;4,62;5,68;2,38;2,26;1,81;1,06;20,14;9,05;7,2;9,97;7,76
26;37,5;10,5;12,94;10,48;6,3;5,68;6,44;2,77;2,78;2,59;1,01;26,64;12,18;11,89;9,65;12,74
27;43;13,07;14,6;11,71;6,6;6,57;6,51;2,98;3,39;2,14;1,22;29,14;14,64;13,78;9,03;13,31
28;32,6;14,07;19,56;11,62;6,93;7,93;9,86;4,16;2,89;2,05;1,18;24,19;15,82;16,02;10,41;6,66
132;40;11,99;15,04;14,45;6,59;6,98;6,97;3,19;4,16;3,31;1,02;29,49;15,55;17,34;12,68;12,43
133;30;8,8;13;6,87;2,32;4,19;4,82;1,92;2,36;1,01;0,62;23,33;12,1;8,04;9,83;11,16
138;32;10,72;11,72;10,58;3,67;4,65;5,5;3,27;1,1;1,24;0,79;23,37;8,49;6,53;12,75;10,51
141;25;9,57;10,02;9,08;1,93;4,35;5,28;2,37;1,99;1,54;1,07;19,62;9,83;8,47;7,26;8,39
143;17;7,05;7,21;5,56;1,4;2,36;3,68;1,79;1,59;0,95;1,03;13,17;6,22;2,5;3,55;4,41
144;42;14,45;14,64;10,39;3,42;6,68;8,31;5,31;1,98;2,18;1,04;31,56;12,31;11,33;17,52;13,34
148;19;9,76;11,44;8,53;3,22;4,47;5,55;2,23;1,78;1,06;1,01;14,44;10,05;6,01;6,19;6,74
150;33;10,59;10,12;7,18;1,88;4,02;6,45;1,81;1,47;0,82;1,43;24,65;7,8;4,33;9,28;10,2
152;21;8,36;10,5;8,13;2,55;4,39;5,28;2,52;1,07;1,04;0,72;18,65;9,81;8,91;8,01;7,33
157;11;4,48;4,75;4,57;0,74;1,65;2,02;0,51;0,8;0,51;0,6;8,47;4,04;2,96;3,21;3,49
158;28;8,76;8,42;8,55;1,77;4,43;4,08;1,61;1,39;0,68;0,58;17,38;8,2;6,63;6,17;5,97
164;25;9,26;9,88;8,84;2,28;3,9;4,13;4,92;1,45;1,01;1,03;18,69;7,55;7,13;4,84;5,51
166;37;10,03;12,68;8,46;4,57;4,51;5;3,33;3,65;1,95;0,76;25,59;11;12;7,77;11,77
169;17;6,11;4,78;5,62;1,32;3,16;2,96;0,32;0,77;0,62;0,68;13,8;5,6;4,72;3,83;3,91
177;90;31,7;27,32;25,66;12,17;12,69;12,43;5,93;7,64;4,72;2,07;68,31;32,34;32,15;26,28;24,58
180;40;11,96;13,7;8,25;3,23;4,96;7,58;3,28;1,7;1,25;0,85;25,86;11,47;13,79;13,74;10,73
182;26;12,44;16,09;11,08;4,5;4,48;6,04;3,14;1,92;1,47;1,01;18,35;12,63;13,85;7,08;7,12
185;33;9,43;12,02;8,15;3,1;4,33;5,82;3,02;1,68;1,46;1,35;20,96;15,19;11,37;9,57;11,8
189;40;15,71;18,5;16,25;4,38;8,44;12,14;4,19;3,9;3,64;1,43;33,34;13,57;12,79;11,25;11,19
195;22;6,67;5,88;6,45;0,92;2,35;2,57;2,45;0,82;0,53;0,27;15,64;7,23;5,68;1,47;0,57
196;37;9,39;12,61;9,43;5,33;4,88;5,78;2,92;1,97;1,37;0,69;24,46;9,09;14,45;11,43;10,98
198;43;16,8;17,4;16,71;3,65;8,18;8,88;4,05;2,89;1,74;1,66;31,39;14,49;13,66;13,31;12,02
200;42;15,52;16,76;13,04;3,37;5,09;8,65;5,07;3,67;2,28;2,54;28,8;14,43;10,5;12,36;12,65
202;27;9,14;10,06;10,32;2,79;4,2;4,81;2,54;1,47;1,11;0,98;18,27;10,1;9,97;6,52;8,77
206;30;10,99;10,48;10,63;3,87;5,22;6,8;3,56;2,19;3,18;1,2;22,25;11,17;10,52;9,72;9,97
209;25;16,23;18,74;15,05;4,28;6,28;9,33;2,78;3,41;2,93;1,02;18,34;15,42;15,42;8,49;3,74
210;28;11,1;9,85;9,43;1,78;3,49;4,18;4,07;1,1;0,81;1,37;19,74;7,62;6,69;7,97;6,22
215;25;8,15;7,38;7,18;1,74;3,74;2,94;2,4;1,04;0,62;0,27;17,9;10,5;7,98;8,13;7,66
218;25;7,74;8,18;7,21;2,45;4,36;4,01;0,91;1,6;0,94;0,66;19,06;9,12;8,51;6,11;6,3
220;25,5;8,59;7,9;7,9;1,38;3,27;4,27;2,39;2,22;1,68;0,68;24,92;13,89;4,04;5,12;2,68
221;17;6,89;7,54;7,34;1,48;2,66;3,25;3,7;0,89;0,91;0,68;11,46;5,82;5,53;3,64;3,25
225;33;12,13;12,53;11,23;2,31;3,69;5,27;3,58;1,54;0,95;1,05;24,99;12,76;10,63;9,32;5,46
232;43;14,15;13,5;11,24;6,49;5,64;6,77;5,2;2,33;2,02;1,4;29,81;10,66;15,63;13,57;13,4
238;49;18,93;15,67;15,35;3,76;7,43;7,92;3,21;3,92;2,12;0,98;42,84;19,33;12,4;9,26;5,07
242;15;6,3;5,25;5,37;1,83;2,36;3,55;0,32;0,82;0,63;0,38;11,55;4,95;5,26;4,43;3,48
245;21;8,99;9,71;7,14;2,97;3,6;4,92;2,27;1,58;1,18;0,78;14,22;8,24;8,36;4,63;4,17
247;65;18,92;20,91;18,21;10,12;8,84;12,48;4,41;6,09;4,68;1,09;41,97;21,41;20,03;20,86;20,96
248;35;10,76;14,23;12,56;6,48;6,06;6,96;2,67;3,85;2,59;1,44;26,12;13,51;13,4;10,77;13
255;60;22,47;26,74;25,11;10,37;9,4;9,7;3,83;3,42;2,35;2,46;49,03;26,73;26,02;17,4;15,32
256;12,9;5,34;6,84;5,55;1,32;3,19;3,17;1,76;1,31;0,91;0,9;10,05;5,13;4,24;3,82;3,46
262;40;12,84;12,02;10,67;2,48;5,92;7,31;0,3;1,75;1,6;1,13;26,17;15,61;8,08;9,16;11,4
266;14;6,11;8,71;7,15;1,66;4,09;4,09;1,4;1,38;1,14;1,16;12,55;6,46;6;2,43;3,43
268;34;11,36;14,13;9,62;3,92;4,21;7,03;3,25;2,23;1,33;0,99;26,21;8,28;12,14;10,72;11,91
278;48;14,36;18,18;17,15;5,56;7,04;8,49;3,38;2,93;3,08;1,83;32,22;17,52;14,23;11,57;15,53
295;22,5;7,4;7,5;5,62;4,56;4,32;5,85;1,54;3,05;2,47;0,43;15,59;5,86;7;6,33;6,87
298;62;20,89;17,37;16,94;5,98;8,01;9,28;3,19;3,31;2,25;0,97;46,09;21,81;27,56;17,16;15,93
300;62;14,63;17,98;18,9;8,13;10,81;10,45;5,09;4,44;2,69;0,81;40,36;20,01;20,12;18,38;20,13
307;50;12,87;13,2;12,21;3,87;5,47;6,47;3,52;1,67;1,18;1,37;37,36;7,91;8,41;15,4;18,26
323;55;16;13,56;13,37;1,46;6,69;5,74;3,31;2,59;2,43;0,75;43,66;11,87;11,13;19,6;12,89
326;42;15,43;15,36;13,08;6,53;5,65;7,33;4,26;3,22;3,35;1,25;32,58;14,11;14,53;15,27;10,79
331;33;6,15;7,78;6,7;2,87;2,87;4,11;1,47;0,57;0,72;0,93;16,58;6,01;6,1;7,96;14,63
334;22;5,4;6,12;5,78;1,73;2,66;2,55;1,03;1,53;0,6;0,66;12,67;4,92;5,11;7,07;9,84
335;31;12,65;13,36;12,44;5,05;7,04;7,83;2,49;4,94;2,69;1,36;24,3;12,8;14,9;9,8;10,29
339;23;8,4;9,58;6,09;3,26;3,5;3,61;2,9;1,21;0,82;0,48;17,6;9,62;10,28;5,2;5,18
342;11;4,36;4,93;4,71;1,32;1,81;2,44;1,13;0,56;0,54;0,41;8,68;5,37;4,93;2,55;3,55
344;23;6,98;8,51;7,57;2,91;4,46;6,15;1,78;1,35;1,15;0,83;15,85;6,86;7,66;8,24;9,34
348;22;5,55;7,4;3,72;2,22;3,28;5,06;1,38;1,29;1,2;0,32;18,84;4,57;3,96;5,55;2,22
350;31;9,48;11,83;6,94;5,28;4,95;6,19;2,31;2,65;1,55;0,6;23,55;8,88;11,95;8,89;8,42
355;25;7,62;7,95;8,04;1,85;3,4;5,27;1,58;2,17;1,55;0,62;23,7;18,33;3,05;3,38;2,25
357;23;6,47;7,91;6,77;1,59;3,01;3,16;1,42;1,14;0,88;0,49;11,29;5,78;5,02;4,28;8,3
362;30;9,58;10,73;9,73;3,67;3,99;4,95;2,19;1,56;1,36;1,06;18,57;10,03;7,97;10,28;8,87
363;45;10,98;13,63;9,37;5,94;4,31;5,85;1,94;2,89;3,62;0,41;33,41;12,79;10,88;17,41;11,35
367;77;24,17;28,81;28,19;12,75;13,06;14,9;4,54;7,01;3,66;2,07;59,87;21,92;24,54;24,41;27,73
374;70;21,22;23,96;24,77;6,29;7,91;11,97;6,98;2,85;1,86;2,33;45,37;24,18;23,02;24,89;23,2
376;70;18,28;23,74;16,41;13,5;12,71;13,8;5,43;6,45;4,58;1,22;48,5;17,76;24,99;22,95;23,84
383;51;17,75;17,74;16,3;7,28;7,85;8,85;5,24;1,44;1,43;1,55;33,2;18,33;16,83;11,12;17,52
396;18;6,62;6,99;5,48;0,87;2,62;3,79;1,64;0,51;0,64;0,63;13,72;6,06;6,15;6,43;5,03
398;45;11,1;15,5;6,92;3,91;4,69;5,33;3,84;1,19;1,32;0,76;29,22;9,88;9,37;15,31;14,56
405;35;9,51;11,62;8,76;3,96;5,32;6,72;3,28;2,48;1,29;1,45;24,38;8,54;9,94;11,65;9,04
408;19;5,67;8,19;4,95;1,13;2,96;3,97;1,56;0,65;0,74;0,48;13,17;6,97;6,27;4,88;5,36
432;77;19,82;18,16;10,84;12,77;12,27;12,03;5,41;7,26;4,07;1,51;53,51;19,16;20,72;25,33;20,94
433;64;21,31;26,58;19,39;7,05;7,21;9,84;5,81;3,8;2,21;1,43;42,8;16,74;20,89;11,83;17,15
435;13;5,55;6,08;2,8;1,05;2,4;2,46;1,92;0,64;0,59;0,57;9,81;3,13;2,61;4,52;5,16
439;35;12,76;12,69;8,94;2,17;4,2;6,34;3,94;1,27;1,18;1,07;24,52;9,67;7,83;10,16;9,02
449;67;17,68;20,09;15,35;7,93;8,01;9,79;4,65;4,5;4,89;2,15;52,02;15,66;21,64;20,61;24,43
452;20;7,36;6,29;3,61;1,3;2,8;2,76;2,1;1,35;1,27;0,93;14,77;3,61;2,62;6,53;3,78
453;43;12,42;16,07;5,83;3,2;5,4;10,09;3,12;3,35;2,35;1,38;30,22;10,57;7,95;10,94;11,57
462;13;5,37;6,32;4,84;2,17;2,76;2,87;1,19;1,22;0,69;0,9;11,67;5,24;5,78;4,62;4,95
470;27;10,83;13,89;10,48;3,61;4,68;5,66;2,93;1,79;0,84;1,28;22,27;11,8;13,16;5,63;8,74
475;46;14,15;16,04;13,62;4,55;6;8,17;4,15;2,57;2,02;1,48;28,93;11,65;12,03;13,55;12,33
476;20;8,5;10,45;6,01;1,21;2,71;5,52;1,39;2,08;1,27;0,69;14,12;5,78;4,67;3,85;5,28
481;32;8,97;9,68;6,42;5,06;5,63;6,12;2,85;2,45;1,81;0,93;23,1;8,74;11,54;8,68;11,11
483;43;12,37;10,55;8;0,68;2,84;2,66;3,42;0,6;0,49;0,46;28,16;7,8;14,52;13,57;12,63
484;18;5,26;5,95;4,92;1,74;2,96;3,05;0,86;1,18;0,75;0,8;11,9;5,75;5,46;5,24;5,59
496;39;13,09;12,83;9,42;1,38;4,36;5,81;2,38;3,47;2,05;1,1;34,79;10,38;12,27;9,2;10,63
501;31;12,52;12,75;10,69;1,91;4,27;4,37;3,21;2,52;1,62;1,18;24,56;10,97;12,98;8,2;6,82
502;17;5,17;5,96;4,21;1,54;2,29;3,05;1,39;0,84;0,51;0,55;13,82;6,39;10,14;5,4;3,3
507;27;8,67;10,37;6,93;2,78;4,41;5,32;2,17;1,75;1,01;0,84;19,42;8,35;9,81;7,45;9,12
509;12,2;3,98;4,79;1,74;0,25;0,54;0,65;1,52;0,11;0,09;0,03;9,32;4,06;4,34;2,14;3,72
510;25;9,46;11,58;8,04;3,83;4,36;5,21;1,88;2,17;1,31;1,43;20,4;9,92;9,96;6,43;7,13
511;52;12,39;12,61;8,46;3,29;4,92;5,26;0,3;1,78;1,5;0,99;33,96;8,68;8,02;11,49;14,39
512;30;11,84;15,77;9,1;4,82;5,9;7,07;3,56;2,87;2,15;1,27;26,17;9,85;11,51;7,37;9,4
514;42;12,25;12,82;8,83;3,89;6,46;7,38;4,03;1,83;1,45;1,46;27,96;10,16;12,82;14,23;14,31
516;43;8,11;8,59;3,96;2,68;4,75;4,61;2,68;3,06;1,99;0,93;19,71;8,03;9,65;12,16;20,48
524;100;28,01;31,13;22,69;2,93;9,77;14,13;8,4;2,07;1,95;2,08;65,92;25,23;30,95;29,18;27,99
531;81;20,02;23,96;16,43;6,75;8,79;11,44;3,87;5,3;3,05;1,37;45,09;19,74;21,67;18,66;31,7
540;14,5;4,18;4,35;1,96;0,29;1,09;1,3;0,64;0,44;0,42;0,31;9,92;4,23;3,87;3,1;4,04
548;86;18,44;23,79;15,2;10,78;9,93;11,5;3,41;6,13;2,57;3,08;59,76;21,01;30,79;27,45;30,5
569;44;12,88;11,7;11,97;2,45;5,88;5,81;2,86;2,47;1,39;0,91;29,41;9,95;11,41;13,79;12,96
577;104;29,23;31,98;26;8,94;11,83;12,85;3,66;4,65;3,49;2,65;67,23;31,79;33,11;22,31;33,41
584;85;26,04;33,44;20,29;10,28;14,8;15,73;4,58;4,68;4,04;2,84;77,99;27,38;27,01;14,53;19,67
587;25;7,41;8,88;6,91;3,14;4,26;5,68;1,91;1,74;1,29;0,6;16,52;8,88;9,16;8,04;7,12
596;65;17,79;15,08;13,25;4,49;6,42;6,74;4,67;2,88;1,6;1,24;39,94;11,95;11,84;18,32;21,3
598;19;5,14;5,93;4,8;1,38;2,32;2,17;1,33;0,51;0,75;0,96;17,19;7,46;8,43;0,2;0,24
615;37;8,85;10,41;6,94;1,35;4,75;5,97;3,16;2,79;1,6;0,47;24,04;10,75;13,64;11,36;10,51
621;45;16,17;17,84;13,07;6,25;7,03;8,39;3,09;2,44;1,1;1,07;29,67;11,47;15,72;11,73;14,22
622;59;16,87;18,65;15,46;9,74;9,47;9,84;3,67;3,94;3,94;1,23;43,48;17,25;20,93;20,79;18,67
631;23;6,58;7,82;4,87;2,79;3,08;4,58;0,17;0,91;1,44;0,99;14,53;6,07;4,29;6,8;8,05
646;70;22,21;26,68;20,66;8,92;10,72;14,7;6,03;4,69;2,89;1,49;55,22;22,98;28,62;18,5;13,93
649;38;12,11;13,32;10,48;3,9;5,18;5,93;2,89;1,94;1,02;1,02;26,48;12,3;13,95;9,82;12,15
650;17;5,71;7,49;5,86;1,88;3,89;4,13;1,93;1,14;0,89;1,3;14,5;6,27;7,66;3,43;4,45
655;24;8,44;11,16;7,33;4,12;4,25;5,18;2,07;1,49;1,08;0,43;20,33;12,71;12,14;4,22;5,5
656;29,5;8,41;8,94;7,33;2,52;4,1;4,7;2,64;1,26;0,85;1,11;19,71;6,41;7,01;7,76;9,53
658;35;14,07;14,05;13,4;7,22;7,29;8,27;3,23;5,83;3,72;1,04;26,84;13,28;13,01;9,62;9,66
661;33;12,52;15,09;12,41;5,42;6,5;7,6;2,04;1,92;1,1;0,59;27,82;12,99;16,86;8,1;10,11
670;28;8,96;10,58;8,81;3,03;4,2;5,16;2,66;1,87;1,31;1,25;18,28;9,12;11,15;8,81;7,62
677;53;14,28;18,84;13,29;5,33;7,54;9,79;2,45;1,57;1,33;0,92;38,12;14,87;17,77;19,26;17,9
680;38;12,2;16,19;10,05;7,4;6,69;8,82;2,66;1,86;1,32;1,01;30,04;13,6;17,21;10,11;11,28
683;30;10,93;12,65;11,44;3,48;4,44;5,29;2,11;1,88;1,17;1,25;19,32;10,9;10,34;9,7;8,54
692;30;9,46;10,47;7,26;2,11;4,44;5,51;2,73;1,76;1,28;0,55;22,55;8,8;11,25;8,24;10,45
693;27;8,57;9,71;7,56;2,47;4,6;4,7;2,08;1,52;0,62;0,85;19,2;7,73;11,04;8,3;6,88
696;66;21,27;26,55;14,94;5,6;6,5;9,17;7,09;1,88;1,54;2,14;43,03;17,46;18,18;15,72;20,07
700;62;15,6;17,46;15,68;7,06;7,34;9,5;5,74;4,82;3,97;0,89;41,7;16,93;22,41;15,46;25,39
701;20;7,01;7,23;4,94;1,76;2,97;3,45;0,54;0,78;1,13;0,8;16,55;5,67;5,62;5,11;8,52
702;40;12,69;12,37;9,03;4,14;5,89;7,54;5,32;2,31;2;1,03;27,11;9,15;11,6;13,55;13,03
704;25,5;5,78;5,1;3,95;0,47;2,35;2,63;1,22;0,35;0,21;0,31;14,17;4,94;5,32;7,32;9,83
707;39;13,11;12,45;10,5;2,22;4,19;4,79;5,65;1,94;1,19;1,36;26,11;9,65;9,21;8,56;10,25
713;32;10,37;12,24;8,22;3,06;5,96;6,68;3,9;1,51;1,71;1;21,77;10,59;11,44;10,17;9,71
714;52;13,92;12,77;11,26;5,57;5,67;6,45;3,18;2,34;1,81;1,11;39,93;12,62;12,57;17,08;15,24
719;46;17,71;17,98;17,3;4,77;8,85;10,31;4,24;1,81;1,65;1,4;27,94;16,37;13,56;13,93;16,42
722;47;9,22;10,96;7,3;3,03;4,86;5,56;0,54;1,99;1,14;0,37;21,6;9,61;12,91;9,45;9,16
724;50;10,75;12,17;8,63;3,51;5,51;8,02;2;2,04;1,75;0,83;29,8;10,74;11,55;14,86;19,09
725;22;6,83;8,29;5,86;1,36;3,71;3,99;1,45;0,83;1,02;0,61;14,74;6,8;7,67;6,08;5,85
726;20;6,26;5,97;3,72;1,68;2,92;2,97;1,33;0,62;0,72;0,41;14,44;5,06;6,14;5,05;6,27
727;8;3,21;3,8;2,51;1,26;2,1;1,99;0,6;0,25;0,18;0,4;6,96;3,26;3,61;1,4;2,06
729;40;9,26;9,72;7,69;3,63;4,88;5,9;1,91;1,93;1,21;0,84;23,14;10,08;9,09;12,84;14,61
730;18;6,59;7,91;6,19;1,63;3,28;3,9;1,52;1,5;0,77;0,91;14,94;6,85;10,38;3,51;4,73
731;30;9,47;9,51;8,3;2,3;4,73;5,52;2,31;1,24;1,13;0,84;20,06;7,28;9,75;8,08;12,53
734;46;10,57;10,56;6,06;4,19;4,67;5,5;2,48;1,79;1,73;1,45;23,67;7,56;8,21;12,83;21,18
735;37;12,14;12,94;8,42;2,93;5,78;6,12;3,28;1,77;1,08;1,21;24,82;10,22;11,65;9,72;11,54
740;45;13,88;14,21;7,38;3,23;4,82;5,21;1,79;1,94;1,12;1,57;29,36;10,31;13,44;9,8;16,56
741;32;10,66;12,09;10,74;2,38;5,14;5,38;2,13;1;1,28;0,89;24,54;7,73;9,08;9,42;10,72
746;55;15,75;20,22;13,14;7,01;6,86;7,65;5,32;1,41;1,24;1,6;37,99;13,92;16,71;12,46;18,14
748;76;23,61;26,62;22,53;4,57;9,21;11,61;6,45;2,55;1,47;2,28;48,47;15,5;19,42;15,65;25,45
750;37;13,9;16,55;12,7;4,87;5,61;9,64;1,55;5,02;3,33;1,33;28,99;12,68;17,37;13,04;9,37
751;40;14,71;14,88;6,94;2,19;5,11;7,54;1,77;2,17;1,84;1,1;29,21;10,31;15,2;11,17;9,29
755;19;6,07;6,87;4,06;1,17;3,34;3,75;1,49;1,01;0,66;0,9;12,82;7,27;7,01;4,04;6,15
757;26;6,54;6,74;3,41;2,38;3,34;4,28;1,3;1,93;1,2;0,63;21,88;8,01;5,22;6,02;2,04
759;60;14;12,24;10,39;3,18;9,43;8,92;2;3,59;2,41;0,47;33,52;8,92;11,27;15,12;22,92
760;31;8,32;9,33;5,97;1,33;2,72;4,12;2,11;1,3;0,83;0,98;16,42;8,17;4,24;9,3;12,81
762;22;8,96;10,61;8,68;2,12;3,41;4,21;1,8;1,49;1,21;0,78;16,1;8,58;8,06;4,39;4,68
769;41;14,78;14,28;10,61;4,09;6,25;7,44;3,45;3,12;1,84;0,79;33,19;11,86;16,96;10,1;10,93
771;36;10,91;12,41;10,4;1,25;5,28;5,69;5,02;0,6;1,46;1,32;25,44;5,71;8,29;7,24;13,51
773;39;11,4;10,98;10,69;3,85;5,5;6,23;2,91;3;2,39;0,84;28,37;11,84;14,45;12,78;10,66
776;45;12,04;14,25;6,27;4,86;7,59;8,28;2,29;3,8;2,86;1,17;28,67;10,1;11,98;11,44;16,29
782;18;7,5;8,18;6,83;3,49;3,94;4,52;1,73;1,64;1,69;0,86;15,67;7,89;8,52;3,68;3,7
788;40;13,84;12,27;8,48;3,04;5,08;5,25;3,84;1,84;1,79;1,02;28,37;10,18;10,79;11,66;13,32
789;31;8,77;8,95;7,5;2,44;4,36;5,07;2,41;1,81;1,88;1,2;18,87;7,97;8,83;7,95;11,05
793;13;3,82;4,27;2,72;1,63;2,36;2,22;0,54;0,65;0,53;0,44;8,59;3,42;3,8;2,75;3,87
796;31;9,63;10,34;10,08;0,9;3,09;5,43;2,16;0,71;1,03;0,97;21,2;7,44;10,38;11,94;9,91
801;35;6,96;10,69;7,04;3,17;4,75;7,26;1,87;2,63;1,58;0,29;29,9;7;11,53;9,82;0,7
802;26;8,03;7,89;5,57;3,67;4,15;3,74;1,67;1,07;0,89;0,69;20,79;8,23;8,92;7,31;7,2
803;135;38,57;43,98;34,1;16,5;17,53;20,01;10,69;8,57;5,48;2,7;99,25;44,44;48,74;44,95;40,59
804;30;8,47;9,91;9,13;2,77;5,12;5,49;2,35;0,89;0,88;0,62;21,66;8,89;10,56;6,74;6,82
805;12;4,52;5,48;3,83;1,93;2,22;2,77;1,19;0,47;0,57;0,58;7,97;3,59;4,1;2,88;2,62
808;37;11,43;10,43;8,82;4,83;5,59;6,67;2,84;1,05;0,87;0,81;25,23;9,61;12,51;9,28;11,04
811;32;9,57;10,51;7,7;2,74;3,62;4,87;2,57;1,28;1,04;0,87;18,91;8,41;7,24;8,78;12,34
812;55;15,13;15,83;11,78;6,11;7,82;7,03;4,21;3,29;3,58;0,79;34,93;16,73;15,79;16,25;19,66
818;32;10,85;12,52;12,01;2,93;6,32;6,37;3,77;2,71;2,41;1,16;24,29;11,54;12,63;7,38;9,43
819;82;25,94;28;28,29;7,52;10,04;12,57;6,52;3,39;2,22;2,36;53,75;15,05;20,14;17,47;26,57
820;16;7,31;6,91;3,53;2,04;3,12;3,05;2,96;0,7;0,62;0,95;14,07;4,34;6,02;3,68;4,43
821;72;18,19;18,45;16,69;4,97;9,61;5,77;4,15;3,59;2,34;1,42;53,1;18,99;22,25;22,16;25,04
822;51;14,68;16,34;14,5;4,14;6,57;7,71;3,47;4,48;2,84;1,06;35;13,57;15,05;14,59;17,56
823;64,5;20,05;20,73;18,32;5,69;7,58;11,58;5,47;4,26;3,87;1,38;45,43;17,2;21,07;16,02;17,47
825;41;13,84;13,93;10,72;3,63;4,68;7,24;3,61;2,88;2,37;1,2;26,37;13,68;14,98;12,01;13,44
826;71;21,47;29,14;28,14;7,12;10,96;12,08;6,83;1,5;1,76;1,63;51,41;20,95;25,45;20,78;18,31
830;46;9,69;11,66;6,38;3,06;8,31;8,47;5,48;2,9;3,04;0,48;27,36;9,1;11,31;13,39;18,13
832;45;10,42;12,54;5,19;2,26;4,52;5,02;2,51;0,92;0,7;1,27;30,23;10,75;12,21;13,78;18,85
834;34;13,75;15,59;14,67;4,61;6,61;7,53;2,38;3,91;2,5;1,64;29,86;12,25;14,12;8,69;10,33
835;65;19,49;19,78;17,06;7,21;12,73;9,44;5,87;7,59;4,6;1,55;43,42;20,21;18,01;19,82;22,72
836;19;7,41;8,26;6,32;1,63;3,49;3,71;1,57;0,56;0,72;0,87;14,34;6,78;7,03;4,23;5,33
837;23;10,31;9,33;8,74;3,3;4,58;4,8;1,82;1,55;1,22;0,92;18,32;9,45;8,95;4,2;4,3
841;80;22,57;24,86;18,87;6,1;8,77;9,63;6,5;2,27;1,8;2,85;47,77;16,49;20,65;18,35;25,46
842;26;9,24;10,17;6,47;1,38;3,13;5,26;0,39;2,19;1,51;0,62;18,24;6,64;7,55;5,95;6,49
843;32;10,42;10,29;9,32;3,86;5,4;6,48;3,47;0,87;1;0,91;22,18;9,57;10,81;7,86;10,95
846;36;10,86;14;9,18;5,58;5,23;6,71;1,79;2,38;2,53;0,8;26,07;9,58;9,8;11,85;10,24
848;89;24,55;24,59;20,92;7,09;6,84;11,02;5,11;4,3;2,62;2,14;54,32;15,21;18,83;20,28;32,03
849;72;19;23,19;18,22;5,56;7,07;10,42;5,85;2,75;2,37;1,84;51;16,65;25,16;19,23;19,44
853;25;5,82;6,6;5,28;1,38;2,58;2,97;0,24;1,19;0,84;0,52;16,91;6,29;6,83;6,34;6,54
854;34;12,75;15,51;12,08;3,6;5,2;7,55;3,19;1,79;1,49;1,32;26,43;13,08;17,49;8,29;9,2
856;60;22,63;23,36;21,92;6,79;7,9;13,02;7,44;3,74;3,23;2,28;45,91;13,08;11,37;9,48;13,34
857;30;8,27;9,26;8,48;3,49;3,82;4,12;1,8;0,93;1,4;0,62;21,24;6,15;9,77;8,95;8,84
861;62;15,85;16,43;15,31;4,84;5,2;9,44;4,67;3,69;2,8;1,21;37,53;14,13;18,67;13,58;24,53
863;68;16,22;16,34;15,42;6,32;8,09;7,03;3,17;3,77;1,56;2;44,02;19,41;24,91;21,36;24,99
868;50;11,24;11,89;12,13;4,35;6,41;5,82;3,15;1,82;1,24;1,07;32,21;9,31;13,94;16,83;16,33
871;28;7,4;7,22;5,97;1,06;2,67;3,65;1,91;1,24;0,8;0,58;17,87;5,89;5,35;7,82;9,06
874;28;7,92;7,84;6,44;1,92;3,7;4,29;2,45;0,73;1,04;0,98;18,45;8,05;8,26;9,23;8,46
880;51;16,94;18,93;13,96;3,03;4,62;8,51;4,26;1,76;1,69;1,2;33,44;14,36;17,1;14,26;14,69
882;26,7;9,59;9,9;9,13;2,81;3,46;4,96;2,95;1,7;1,15;1,63;16,09;7,81;10,28;4,71;8,51
885;24;6,97;8,82;6,1;2,15;2,34;3,21;1,52;1,15;0,69;0,66;16,89;6,57;7,03;6,28;6,08
886;24;10,68;10,62;6,86;2,81;3,74;4,67;2,66;1,64;1,56;0,92;21,2;7,26;5,8;7,16;0,55
890;24;7,65;9,82;6,04;3,39;6,31;5,35;1,76;1,5;0,86;1,29;22,14;12,39;14,52;6,81;4,36
896;23;8,88;8,35;6,36;2,43;3,18;3,03;3,74;0,65;0,85;0,37;14,39;5,15;6,02;4,35;4,35
897;44,5;11,97;11,1;4,17;1,01;2,9;3,11;3,78;1,15;1,11;1,47;29,61;9,42;7,5;10,15;10,35
900;28;10,43;13,4;10,51;4,05;4,66;6,84;3,76;1,92;1,35;1,08;20,07;11,85;11,36;6,35;7,69
903;65;20,55;29,65;18,34;5,86;9,57;10,75;6,38;3,59;3,19;2,08;45,24;21,38;23,18;14,32;16,07
909;64;17,61;20,94;8,87;1,68;6,34;5,84;3,51;1,64;1,69;1,56;42,18;12,01;13,69;11,09;7,93
912;20;8,73;10,66;8,1;2,86;3,33;4,35;2,46;1,65;1,09;0,6;15,1;7,11;8,21;6,2;5,7
915;83;16,26;15,62;9,78;4,34;7,28;7,07;2,93;2,05;1,61;0,71;44,02;12,83;18,51;20,81;32,55
917;35;10,73;11,18;9,18;3,91;4,44;5,31;2,62;2,21;1,47;0,92;21,98;10,06;11,39;8,46;11,34
918;40;13,4;12,92;12,08;4;5,26;6,56;2,3;2,08;1,36;1,06;28,96;8,83;11,23;11,54;10,93
923;60;16,87;15,32;13,96;8,3;9,43;7,89;4,12;3,78;2,91;1,26;41,79;12,21;12,31;17,43;17,84
936;12,5;4,96;4,75;4,06;1,08;2,35;2,15;1,08;0,72;0,61;0,6;9,38;3,58;3,4;1,38;2,47
939;30;7,62;9,12;7,43;3,01;3,47;5,17;1,64;1,25;1,11;0,72;21,23;8,01;10,81;8,64;8,34
940;20;10,94;10,99;10,29;1,6;4,03;3,92;1,82;1,59;1,43;1,29;17,75;6,6;6,77;3,88;6,01
951;31;10,26;11,27;9,37;4,12;5,25;6,12;0,96;2,6;2;1,25;25,03;10;13,29;6,09;10,31
952;31;9,29;9,79;7,45;5,03;4,56;5,15;2,21;2,64;2,05;0,88;23,53;11,09;10,75;9,28;7,44
955;19,5;4,28;5,27;2,86;1,2;2,43;3,05;1,29;0,97;0,4;0,38;11,95;4,06;5,45;5,33;6,38
959;29;7,74;8,73;6,34;2,52;3,96;3,73;2,23;1,45;1,19;0,76;18,29;6,66;9,09;7,97;9,5
960;67;23,51;27,59;18,9;3,19;9,77;11,74;5,15;3,54;3,2;1,57;47,54;22,94;27,03;16,3;17,47
963;11;4,52;6,07;4,09;1,43;1,96;2,34;1,22;0,61;0,61;0,45;8,17;4,56;5,03;2,24;3,13
966;19;5,05;6,05;4,32;2,37;2,26;2,71;2,27;0,85;1,03;0,49;12,69;5,29;5,35;4,57;4,48
967;53;11,9;16,64;10,81;4,09;6,66;7,9;2,82;1,2;1,65;0,61;32,27;15,23;15,98;12,22;17,09
979;57,5;18,28;17,38;15,82;7;8,17;8,4;4,28;4,2;2,59;1,08;38,81;13,67;16,79;14,36;16,08
980;30;11,71;13,73;10,85;3,28;6,08;8,49;1,81;0,95;1,08;0,94;24,42;9,85;11,36;8,2;9,89
981;26;8,98;12,53;9,16;2,59;5,05;6,07;2,06;1,78;1,4;0,94;19,9;10,03;12;6,04;6,39
986;21;6,96;6,94;5,86;2,15;3,44;3,26;1,5;0,69;0,77;0,54;14,41;6,61;9,24;2,36;7,18
987;13;4,46;4,93;4,54;2,34;2,45;2,55;1,14;0,59;0,75;0,36;10,5;4,49;5,44;3,9;3,53
989;56;15,33;15,49;13,24;6,86;8,69;8,15;4,88;3,18;2,91;1,43;39,44;14,23;20,31;12,92;13,78
990;41;13,37;16,31;12,87;5,98;6,57;7,38;2,65;2,55;1,97;1,53;29,99;15,74;17,01;11,52;11,95
993;39;11,77;15,04;11,29;4,43;5,4;6,39;3,45;1,56;1,22;0,69;24,4;13,19;14,16;9,75;13,64
994;24;7,4;9,23;6,87;2,59;2,88;3,04;0,37;1,48;1,18;0,57;16,55;6,55;7,62;5,28;5,82
998;46;12,94;13,81;9,51;6,03;7,42;9,51;2,69;4,4;3,15;1,2;36,43;13,88;17,14;15,11;10,11
999;31;9,64;13,04;8,89;3,48;4;4,25;2,57;1,85;1,21;1,41;24,72;12,24;10,83;7,24;9,84
1002;34;11,94;13,49;10,99;5,72;5,21;5,84;2,63;1,6;1,27;1,6;24,43;12,19;9,17;9,7;10,48
1004;21;8,23;10,6;5,97;3,43;5,03;5,65;1,75;0,97;0,91;0,74;18,92;7,57;6,61;6,26;6,88
1005;40;14,75;16,03;8,85;7,33;6,25;7,57;2,51;1,67;0,98;1,37;29,85;12;9,34;12,01;10,1
1006;30;10,94;14,28;9,68;5,05;6,72;6,74;2,79;2,69;1,57;1,21;25,22;10,58;8,12;8,07;9,21
1013;57;17,99;22,59;12,9;8,51;9,07;12,75;4,4;7,3;4,46;1,07;41,4;17,14;12,11;20,72;16,52
1017;40;10,52;12,44;9,27;4,85;5,51;6,49;2,52;2,53;1,69;0,85;27,03;13,73;11,8;12,96;13,19
1019;34;13,77;14,9;8,56;4,46;6,4;8,41;1,49;3,73;2,16;1,14;27,39;12,72;9,48;9,62;10,21
1025;27;8,3;9,81;5,21;3,24;4,76;5,15;1,25;1,74;1,13;0,9;16,61;7,18;7,27;4,77;8,76
1026;30;9,67;10,48;9,82;3,56;5,4;4,6;2,85;1,36;1,14;0,33;21,13;9,7;8,12;8,47;8,94
1027;41;11,43;13,21;11,26;3,53;5,52;6,68;4,01;1,26;1,13;1,11;27,79;12,51;11,55;12,92;14,18
1034;80;22,06;26,41;22,84;13,57;12,73;15,23;5,57;6,66;5,61;1,95;51,98;26,59;26,22;22,08;24,89
1036;65;23,25;28,93;19,41;10,44;9,2;10,95;6,47;4,08;2,81;2,24;44,32;26,13;24,45;14,98;19,72
1037;90;27,82;31,05;23,64;14,45;15,04;14,51;6,4;7,78;5,6;1,55;67,98;28,13;27,6;32,08;31,41
1040;35;8,17;11,6;7,12;2,31;5,36;6,45;2;1,55;1,34;1,26;23,74;9,43;6,07;7,31;9,78
1041;40;11,57;14,53;8,21;5,59;6,92;8,3;3,19;3,41;2,2;0,69;28,58;19,42;8,55;8,68;10,53
1045;35;12,26;12,76;12,89;3,79;5,53;6,85;2,95;2,64;1,7;1,24;27,51;12,64;11,14;11,63;7,82
1046;39;13,42;12,33;12,19;2,37;5,62;6,64;3,49;1,35;1,47;1,57;24,79;12,66;12,14;10,64;11,16
1048;40;12,96;17,76;16,4;4,99;7,25;8,74;3,65;2,14;1,07;1,12;29,65;16,17;14,85;10,69;9,93
1049;60;20,67;23,93;20,74;5,43;5,39;6,94;5,34;2,14;1,33;1,55;42,98;17,79;16,55;13,94;16,55
1054;33;12,31;13,03;10,44;4,95;6,31;6,67;4,16;2,28;1,58;1,14;26,72;12,31;9,81;7,81;8,48
1055;25;9,14;14,22;7,02;3,34;4,95;6,43;2,87;1,58;1,08;0,71;20,82;9,94;7,12;6,04;8,73
1056;85;20,42;22,83;18,12;11,47;10,79;11,83;7,21;5,47;3,9;0,52;52,92;22,11;18,85;28,32;28,82
1057;10;4,5;5,12;4,07;0,82;2,66;3,08;1,22;1,14;0,91;0,9;9,75;3,72;1,08;1,17;0,18
1063;30;12,05;11,96;10,55;4,08;5,19;5,66;2,98;1,01;0,97;1,28;23,37;9,69;7,67;8,95;5,7
1066;30;9,76;11,48;9,9;3,76;5,38;4,63;2,05;1,79;1,54;0,98;19,07;10,04;8,21;5,81;9,27
1069;64,5;18,67;18,52;16,78;8,52;7,88;9,06;5,68;3,64;2,77;1,73;44,28;17,42;11,74;16,8;22,7
1070;40;13,12;14,63;7,46;4,59;4,2;5,66;3,59;1,16;1,21;1,29;26,26;14,58;7,72;10,46;12,96
1077;26,5;9,29;11,74;9,36;5,24;4,59;4,72;2,98;1,45;0,71;1,18;20,66;10,3;8,94;7,18;7,27
1081;16;4,97;5,61;3,59;2,19;2,68;3,29;1,49;0,89;0,75;0,38;11,66;5,19;4,14;4,72;4,93
1084;61;15,49;17,91;8,7;8,5;10,33;11,79;3,09;6,27;5,41;1,62;43,56;15,41;12,97;21,28;19,15
1093;27;9;10,1;8;3,03;4,47;6,44;2,26;2,9;2,04;0,47;19,27;10,14;5,7;7,03;7,44
1097;20;5,33;6,08;3,36;1,68;3,29;3,83;1,9;1,23;0,88;0,52;14,22;5,17;4,3;5,41;5,88
1100;45;14,08;15,79;15,15;6,83;8,14;6,01;3,16;2,83;2,13;1,44;32,36;18,01;14,46;11,79;13,31
1101;25;7,33;6,94;6,27;1,2;3,5;3,82;1,12;0,73;1,2;0,44;17,85;7,12;6,33;6,83;9,22
1104;35;15,48;17,98;14,17;4,47;5,57;8,7;3,3;2,25;1,48;1,7;26,59;13,14;11,18;7,32;11,34
1107;30;10,25;10,08;8,4;2,97;3,5;3,69;2,49;1,6;1,22;0,8;23,14;10,15;9,54;12,89;7,65
1108;50;13,26;14,32;11,52;7,37;6,8;9,1;4,99;4,35;2,91;1,43;42,17;16,92;14,76;20,7;11,76
1110;27;12,86;15,14;9,8;2,68;4,33;6,29;2,78;1,52;1,14;0,93;21,78;11,93;6,67;5,38;6,53
1111;30;10,76;13,31;9,46;4,47;6,02;7,11;3,05;1,8;1,4;1,11;20,98;6,46;8,92;9,83;8,96
1113;43;17,72;15,61;14,52;4,45;6,44;7,3;4,78;2,41;1,56;1,57;36,66;12,27;14,67;25,83;10,48
1114;30;10,48;13;10,1;5,17;5,89;7,31;3,55;2,18;2,23;1,47;22,22;9,55;10,34;13,32;6,2
1115;16;5,61;5,73;5,71;1,53;2,71;2,85;1,34;1,19;1;0,89;13,73;4,49;5,28;5,93;3,49
1116;65;26,66;26,81;24,7;6,34;8,32;11,56;7,62;3,65;2,31;2,2;55,14;20,6;27,79;31,13;19,81
1117;60;25,14;26,34;23,59;9,07;11,3;13,46;7,82;4,57;4,01;1,73;44,04;18,02;23,07;23,73;16,88
1118;60;21,66;23,98;23,71;5,67;11,11;17,38;4;5,64;4,57;2;42,97;20,68;24,37;22,73;14,63
1119;80;32,23;38,59;35,36;11,99;12,46;16,11;9,65;5,28;3,52;2,31;67,87;28,66;33,99;33,05;23,77
1120;60;23,73;26,19;25,41;7,41;8,43;10,41;6,04;3,24;3,08;2,06;48,15;24,04;25,5;24,97;23,44
1121;60;20,78;24,86;23,25;8,55;8,5;11,9;5,2;5,2;3,12;1,98;44,98;20,82;22,68;25,11;19,04
1122;60;18,92;22;18,64;7,58;10,37;10,47;2,65;3,09;3,99;1,61;50,65;19,74;21,05;19,08;16,89
1123;70;19,42;23,33;22,63;9,36;8,75;10,41;6,25;4,07;2,24;1,98;53,88;24,92;21,53;35,12;25,41
1124;50;18,16;17,15;16,9;6,5;9,58;9,41;4,64;3,19;2,77;2,11;41,8;16,39;21,43;17,31;19,06
1125;30;11,39;11,58;10,53;3,49;4,94;6,44;3;2,25;1,3;1,35;25,46;12,73;13,15;11,69;9,44
1126;22;8,34;9,73;9,45;3,34;3,24;3,58;3,45;2,02;1,74;1,17;15,97;10,76;10,87;10,7;11,01
1127;23;7,92;8,32;7,51;3,43;4,14;4,64;3,27;1,66;0,86;0,94;20,41;9,39;10,01;8,68;7,45
1128;23;8,06;7,5;7,04;3,35;3,84;3,71;2,82;1,53;1,23;0,78;19,99;7,85;9,67;8,56;7,63
1129;23;8,03;8,87;7,19;3,58;4,15;4,61;2,3;1,64;0,84;0,61;18,86;8,08;7,33;8,15;7,46
1130;40,5;15,31;15,11;11,89;4,76;5,91;6,45;2,64;3,23;1,57;1,34;36,14;16,67;18,4;15,77;14,81
1131;28;10,15;11,17;10,35;4,93;4,43;5,05;3,67;2,44;1,53;1,47;20,66;8,85;12,08;13,51;8,98
1132;55;16,75;19,38;16,15;9,5;11,06;9,79;3,55;5,69;2,25;1,47;46,54;17,78;19,37;32,95;23,53
1133;53;12,47;14,28;12,83;6,07;5,8;6,51;2,88;2,62;1,83;1,27;42,78;14,47;15,12;18,1;15,68
1134;43;13,37;15,21;10,19;6,12;7,09;6,19;4,44;2,42;1,6;1,64;35,62;12,69;13,75;17,43;13,4
1135;52;16,98;18,59;15,86;6,12;7,84;8,46;7,19;3,46;2,47;1,52;36,96;13,84;18,59;19,87;19,16
1136;63;19,21;16,39;16,56;6,74;7,26;8,07;6,38;4,07;2,07;1,39;46,59;14,99;17,97;20,94;15,37
1137;50;12,91;12,04;11,94;4,81;5,61;5,62;5,55;2,4;1,71;1,09;33,4;12,28;15,36;14,43;13,77
1138;67;15,31;15,6;14,17;6,98;8,34;7,55;6,66;3,19;2,3;0,98;51,49;17,05;20,61;20,44;19,91
1139;36,7;7,27;8,11;7,08;3,27;3,99;3,04;1,8;1,55;1,23;0,35;27,46;8,48;9,68;8,69;9,39
1140;22;7,72;8,31;7,59;3,85;3,64;3,59;2,19;1,62;1,29;0,99;19,09;8;9,78;9,25;8,73
1141;40;15,54;17,12;16,71;9,97;9,35;10,68;4,94;4,01;2,47;1,34;35,04;14,85;14,25;13,41;13,24
1142;18;7,85;7,27;7,12;2,92;3,33;3,24;2,04;1,23;1,09;1,1;14,06;8,17;7,9;9,36;7,6
1143;50;17,46;17,23;15,7;6,19;9,92;10,41;4,14;4,3;3,22;1,69;42,76;15,24;17,48;18,69;17,86
1145;57;14,46;14,91;13,04;5,51;4,69;6,12;2,92;2,89;1,63;1,11;44,53;20,15;21,84;23,21;19,88
1146;46;12,01;12,63;10,34;5,83;5,04;5,59;2,43;2,03;2,19;1,32;37,82;12,56;17,31;15,73;15,92
1147;105;30,99;34,78;26,86;15,2;12,9;17,86;7,24;9,82;6,02;4,48;71,42;38,77;39,79;49,4;36,07
1148;18;9,7;9,11;8,52;3,15;4,31;5,03;3,18;1,42;1,45;0,75;15,65;10,59;10,89;10,41;6,04
1149;15;5,99;6,35;5;2,23;2,6;2,57;0,86;1,08;0,76;0,72;12,69;5,42;5,97;5,11;4,68
1150;32;8,93;8,67;8,17;3,79;4,5;4,12;2,01;2,03;1,23;0,54;25,78;10,51;12,52;19,19;11,21
1151;32;9,58;11,08;9,27;4,36;3,83;4,13;2,02;1,69;1,91;0,85;27,8;10,05;11,95;14,09;12,59
1152;65;19,95;21,16;14,19;8,15;7,88;7,84;4,64;3,16;2,4;1,11;54,22;21,81;22,92;21,39;23,93
1153;26;9;10,08;9,28;3,74;4,6;4,76;2,3;2,3;1,21;0,77;20,65;8,48;10,11;8,26;6,85
1154;36;12,43;14,12;12,41;4,62;7,15;5,52;3,59;2,59;2,17;1,52;31,42;8,86;13,14;10,1;8,83
1155;23;10,51;10,83;10,71;2,91;4,54;5,82;2,89;2,02;1,75;0,79;20,51;8,26;9,88;8,56;6,37
1156;91;26,06;33,3;25,6;10,28;10,12;13,06;7,4;6,06;4,46;2,3;57,67;22,32;29,13;23,26;28,88
1157;12;5,88;6,94;5,84;0,32;1,71;1,59;0,99;0,55;0,31;0,51;8,92;3,17;3,46;2,88;2,37
1158;80;22,81;25,92;24,7;8,04;8,42;10,05;5,98;4,89;3,82;2,05;45,87;22,47;24,19;16,37;31,44
1159;80;21,9;26,02;23,36;8,23;9,16;10,63;7,28;4,38;4,06;1,47;47,34;19,7;25,22;16,93;30,81
1160;51;16,38;22,54;19,29;7,02;8,53;9,99;3,54;3,13;2,95;1,13;38,09;20,34;17,73;12,17;12,25
1162;10;5,22;5,75;5,22;2,4;2,27;3,11;1,22;1,02;0,58;0,51;9,03;4,24;4,48;2,35;2,44
1163;11,5;4,22;4,33;3,6;1,4;1,97;1,69;1,42;0,81;0,35;0,52;9,33;3,4;3,89;3,62;3,18
1164;13;4,35;5,02;4,38;1,73;1,88;1,95;1,03;0,82;0,36;0,33;11,11;3,18;3,72;5,01;3,25
1165;9,5;2,65;2,83;2,71;0,59;0,93;1,24;0,58;0,61;0,38;0,28;6,55;2,04;2,78;3,74;3,04
1166;11,9;3,61;3,93;3,74;0,88;1,61;1,84;1;0,6;0,31;0,19;9,03;3,53;4,37;5,06;4,64
1167;12;2,92;3,79;2,34;0,83;1,1;1,04;0,68;0,47;0,33;0,49;7,65;2,55;2,81;2,8;2,58
1168;9;2,81;2,78;2,13;0,96;1,34;1,52;0,95;0,64;0,4;0,33;6,06;1,68;2,01;3,16;2,76
1169;6;1,85;1,88;1,87;0,33;0,73;0,87;0,38;0,28;0,16;0,14;4,09;1,21;1,62;2,06;2,21
1170;10,5;2,97;3,46;2,77;1,12;1,15;1,32;1,13;0,61;0,2;0,19;7,01;2,58;3,13;3,5;3,17
1171;6;1,69;1,82;1,5;0,43;0,74;0,72;0,34;0,36;0,18;0,17;4,06;0,99;1,25;2,19;2,29
1172;40;15,79;17,55;13,68;6,36;8,06;7,72;3,81;3,79;0,95;0,99;30,24;12,88;10,16;12,83;14,91
1173;43;13,85;13,76;11,26;4,73;6,08;7,3;4,83;2,66;1,24;1,05;31,65;11,64;12,93;17,22;13,43
1174;49;15,81;15,61;13,07;1,53;5,27;6,73;4,99;4,01;1,4;1,67;35,9;12,78;14,01;22,6;19,85
1175;36;9,79;9,52;9,33;1,91;4,51;4,2;2,81;2,21;1,71;0,55;26,77;7,97;9,78;19,86;12,21
1176;40;14,42;15,93;15,23;7,15;6,19;6,95;4,82;3,67;1,97;1,04;36,3;14,35;17,34;19,49;12,23
1177;48,5;17,38;10,48;10,26;2,27;4,34;3,94;4,05;2,66;0,84;1,75;39,21;7,77;9,57;16,95;15,02
1178;40;10,36;10,84;7,71;4,65;4,71;3,99;3,72;2,2;1,49;1,1;26,47;10,68;11,94;21,21;11,31
1179;45;15,8;16,25;15,5;8,19;7,21;8,21;6,01;3,41;1,78;0,78;41,21;13,26;15,41;18,93;13,46
1180;39;15,58;9,73;8,68;9,21;8,24;8,04;7,96;5,6;2,74;1,19;30,46;9,42;10,95;26,22;13,15
1181;45;12,08;12,66;8,42;4,35;5,44;5,12;4,57;2,31;1,58;1,74;30,16;11,91;13,47;19,58;10,62
1182;51;14,06;16,34;15,15;5,46;5,55;7,26;4,31;2,74;1,99;0,9;35,47;10,27;12,89;21,03;16,65
1183;40,5;14,4;16,45;15,56;5,06;5,58;8,02;3,51;2,89;1,55;1,55;36,32;10,75;13,39;20,18;11,48
1184;38;13,1;13,35;12,17;5,17;5,66;6,1;2,67;2,52;2,13;1,19;31,06;11,54;13,61;13,48;9,99
1185;38;11,13;13,08;11,91;5,33;6,12;6,38;2,75;3,09;1,38;0,89;25,71;8,95;10,46;16,71;11,89
1186;39;11,81;10,93;8,5;3,85;3,53;3,57;2,85;1,56;1,06;1,22;28,01;7,83;7,3;15,24;12,52
1187;23;7,01;7,06;7,22;1,42;2,94;3,18;1,24;1,88;1,17;1,06;13,6;4,52;5,27;6,3;8,57
1188;15;7,25;8,98;8,49;1,57;2,96;3,57;0,9;0,9;0,67;0,95;12,72;5,7;6,91;4,62;3,69
1189;15;7,38;8,96;8,21;1,8;3;3,43;1,31;0,9;0,94;1,04;13,41;5,34;7,05;4,37;3,7
1190;17;7,45;8,53;8,09;2,68;2,7;3,46;2,19;1,57;1,17;0,81;14,8;4,89;5,58;5,44;4,7
1191;17;9,17;7,48;6,53;2,09;2,72;4,03;1,19;0,98;0,77;1,04;14,15;5,95;7,24;4,75;4,42
1192;17;7,71;8,95;8,38;1,77;3,26;3,49;1;0,98;0,85;0,92;13,85;6,05;6,67;4,96;4,25
1193;15;8,47;9,75;9,49;2,47;2,81;3,57;1,96;1,34;0,55;2,52;14,47;5,82;6,32;3,94;3,8
1194;14;4,31;3,92;2,37;1,81;1,89;2,35;1,21;0,46;0,43;0,37;9,75;3,69;3,63;4,72;4,67
1195;17;7,22;8,11;7,22;3,22;5,55;6,47;1,74;4,25;2,7;0,94;12,8;7,99;9,63;7,61;4,31
1196;12,2;5,98;6,48;6,52;1,77;2,88;3,77;1,65;0,92;0,55;0,66;10,88;5,51;6,31;4,48;3,64
1197;15;4,22;5,21;4,9;0,84;2,36;3,01;1,16;0,9;1,11;0,79;9,96;3,88;4,78;4,62;5,45
1198;13;4,91;5,32;4,82;1,96;2,51;2,49;0,87;1,03;0,84;0,6;9,76;4,18;4,96;3,67;2,77
1199;22;8,14;9,66;8,99;1,81;6,87;5,67;1,84;1,66;0,93;1,2;16,74;7,87;9,3;5,99;6,27
1200;22;7,46;7,44;7,01;2,07;4,09;4,24;2,73;1,5;1,29;0,98;17,04;5,33;8,06;10,85;6,36
1201;12;5,75;5,89;5,55;2,92;3,14;4,29;1,61;2,34;1,56;0,8;9,78;4,58;5,43;4,97;3,35
1202;37;15,28;16,62;12,13;1,15;6,47;6,6;3,47;1,65;1,29;1,28;27,8;10,31;13,11;13,78;11,1
1203;42;17,57;20,43;19,92;5,77;7,6;8,99;3,78;1,93;1,54;1,59;37,3;16,64;20,03;14,14;13,46
1204;16;7,12;8,45;7,03;1,95;2,52;3,02;2,15;1,3;0,82;1,45;13,29;5,56;6,97;5,79;4,96
1205;18;6,03;6,33;6,03;2,22;3,1;3,3;1,24;1,16;1,17;1,38;12,63;4,47;5,51;4,74;5,12
1206;25;8,45;9,33;8,13;2,04;3,57;4,22;1,74;1,55;1,34;1,12;17,17;6,76;7,48;7,15;7,42
1207;32;9,19;12,23;5,45;4,83;6,21;6,45;2,49;2,5;2,1;1,15;21,93;12,73;12,63;9,93;10,2
1208;11;4,45;5,5;4,81;1,08;2,11;2,79;1,17;0,58;0,65;0,47;9,92;3,47;4,1;3,12;2,77
1210;22;6,25;7,3;6,36;2,78;2,92;3;1,76;1,24;0,9;0,66;15,03;4,96;5,37;7,71;6,72
1211;27;10,96;12,34;12,04;4,78;5,69;6,31;2,67;3,48;2,45;1,39;23,49;7,56;9,37;8,89;9,25
1212;120;41,7;43,1;39,51;15,91;19,86;22,83;12,88;9,78;9,33;3,25;78,27;30,44;41,11;38,31;36,36
1213;120;50,51;57,24;54,67;4,62;23,78;34,28;17,32;11,33;8,52;3,87;94,1;36,26;42,21;33,68;37,98
1214;25;9,74;11,71;9,89;4,98;5,37;5,9;2,6;2,35;1,93;1,39;22,32;9,54;10,79;8,32;9,25
1215;120;47,04;54,21;44,15;20,79;21,66;27,72;14,29;7,84;5,61;4,52;95,21;37,27;45,9;52,53;42,15
1216;100;35,01;46,87;40,08;14,98;16,04;23,67;9,99;5,63;3,99;4,23;75,09;32,1;36,55;42,2;36,77
1217;100;35,93;43,63;42,3;13,8;15,37;22,03;7,82;9,01;5,18;3,68;77,44;31,34;38,2;31,72;35,44
1218;100;40,82;43,84;41,89;15,95;11,84;18;11,35;6,75;6,19;3,54;77,84;36,21;43,33;36,54;37
1219;22;8,08;8,56;8,39;1,75;2,7;3,17;1,84;1,38;1,2;0,99;16,38;5,53;4,86;7,84;6,11
1220;20;14,5;11,77;13,57;0,63;3,8;5,87;1,42;1,42;0,83;0,97;19,06;14,29;15,1;0,21;2,52
1221;9;4,11;4,44;3,84;1,74;1,4;2,16;1,01;0,59;0,49;0,45;7,68;3,32;3,81;3,25;2,81
1222;22;9;10,44;10,24;3,68;3,8;5,37;2,61;1,32;1,06;0,79;19,19;7,3;8,16;7,02;6,59
1223;25;6,97;8,42;7,42;2,96;4,69;5,47;0,09;1,78;1,04;0,62;15,91;9,35;11,24;6,63;6
1224;83;29,13;30,34;27,51;10,5;10,89;13,21;6,86;5,17;3,67;3,48;58,35;20,67;24,48;26,5;23,08
1225;35;13,02;14,72;14,75;3,74;5,07;8,2;2,94;3,1;1,96;1,02;26,44;11,62;14,88;13,86;11,6
1226;18;7,2;7,21;7,04;2,86;3,26;3,48;2,5;1,73;1,32;0,73;15,03;5,76;5,97;8;5,81
1227;23;9,18;10,02;9,79;4,77;5,04;4,99;3,28;2,06;1,34;0,85;20,27;9,6;11,61;7,96;6,18
1228;22;8,57;8,98;9,36;2,02;4,39;4,48;2,55;2,49;1,57;1,32;20,88;9,49;7,59;7,14;6,53
1229;13;5,67;5,58;5,39;1,66;2,61;2,74;2,51;1,3;0,83;0,58;11,25;5,35;5,08;5,06;3,91
1230;35;12,85;16,19;13,03;2,96;4,66;5,54;3,52;3,2;1,78;1,27;29,94;12,5;14,32;15,17;10,8
1231;41;13,34;15,48;12,32;5,84;6,32;6,92;3,68;2,81;1,87;1,1;35,34;12,93;17,57;18,11;10,98
1232;29;11,18;11,51;9,99;3,7;4,27;5,91;3,95;2,52;1,5;1,42;23,46;6,27;9,8;13,61;8,12
1233;13;3,35;3,86;3,02;1,74;1,97;2,27;1,37;0,95;0,47;0,58;8,7;2,96;3,77;4,25;4,23
1234;70;29,75;30,47;30,72;14,35;12,76;14,14;7,8;6,73;6,36;3,71;60,12;30,97;30,43;45,44;32,94
1235;55;22,52;23,95;22,74;7,3;8,6;12,39;6,49;5,65;3,56;2,28;45,77;18,38;23,75;21,56;17,76
1236;25;8,13;8,75;8,51;2,84;3,59;3,89;1,96;1,47;0,99;0,88;16,76;6,22;7,45;7,73;8,57
1237;22;8,34;8,78;7,95;2,93;3,56;4,32;2,7;1,82;1,07;0,68;15,43;5,83;7,36;7,4;7,13
1238;38;10,35;11,1;9,42;7,44;6,99;8,27;3,06;2,78;2,06;0,92;27,95;9,87;13,11;14,54;8,05
1239;29;12,43;15,94;14,16;3,89;4,96;7,44;3,92;2,61;1,79;1,05;26,21;11,32;13,09;10,89;9,46
1240;89;28,87;33,25;28,66;15,78;14,96;16,7;8,23;6,2;4,46;1,99;72,79;35,8;38,36;29,33;32,12
1241;25;7,41;7,44;6,72;1,7;2,62;4,06;1,84;1,25;0,98;0,86;16,35;5,24;6,93;9,56;6,1
1242;25;8,89;10,07;9,84;2,26;3,64;5,89;2,85;1,78;1,21;1,2;20,19;7,08;8,81;13,77;7,7
1243;8;2,66;2,32;1,95;0,39;1,15;1,21;0,84;0,45;0,39;0,3;4,92;2,2;2,44;2,61;2,44
1245;22;8,3;9,11;6,8;2,4;3,61;4,7;2,12;1,73;1,13;1;14,54;5,62;6,39;5,86;7,93
1246;22;7,75;8,78;6,61;1,81;3,27;4,26;1,82;1,58;0,92;1;15,12;5,56;6,83;5,9;6,62
1247;22;8,72;8,79;8,36;1,59;4,09;5,17;1,81;1,47;0,94;1,02;15,54;6,3;7,63;6,23;6,23
1248;46;12,01;14,48;10,89;5,99;5,02;6,95;3,27;3,01;1,78;1,24;38,91;15,52;18,84;15,23;16,62
1249;33;8,1;9,16;7,82;4,3;3,63;5,36;2,86;2,43;1,2;1,13;25,63;9,44;11,03;10,18;8,83
1250;35;11,12;11,91;7,18;4,39;4,14;4,93;3,81;1,77;0,99;0,77;30,74;10,63;13,31;14,5;12,34
1251;25;8,8;8,8;6,71;2,24;3,3;5,1;2,38;1,93;1,47;0,86;18,03;7,16;9,59;6,26;6,07
1252;10;4,49;5,31;4,25;1,76;1,65;2,74;1,29;1,22;0,75;0,36;9,03;3,6;4,25;3,71;3,55
1253;30;10,24;10,39;7,15;5,23;5,17;5,72;3,3;2,7;2,21;0,77;24,04;8,92;11,32;12,57;11,59
1254;45;12,01;12,3;11,56;5,3;7,29;7,98;3,4;2,45;1,5;1,17;25,72;9,43;11,78;14,07;14,6
1255;23;13,22;14,76;12,33;2,68;4,52;5,06;2,73;1,96;1,35;3,64;20,58;8,62;9,54;6,06;5,67
1256;23;13,43;14,71;12,54;3,11;3,74;5,36;2,4;2,01;1,47;3,52;20,76;9,57;12,15;6,93;5,21
1257;25;14,3;17,54;11,18;3,4;5,02;6,16;3,54;2,18;1,48;2,35;20,82;5,74;6,77;8,01;6,54
1258;25;13,74;14,28;13,2;4,1;5,25;6,76;4,43;2,84;2,13;2,58;21,35;8,15;8,88;8,82;6,87
1260;128;45,64;55,05;42,26;14,71;20,08;38,08;8,14;12,13;9,15;3,25;96,78;43,93;53,18;47,29;37,8
1261;18;8,04;8,92;7,87;1,57;3,82;4,38;2,06;1,51;1,02;0,71;15,91;5,83;7,81;4,19;4,44
1262;18;8,4;10,03;7,37;2,08;4,45;4,76;2,26;1,54;1,19;1,14;15,47;7,97;9,3;4,86;4,49
1263;89;35,44;37,96;35,76;10,23;12,06;18,58;10,28;7,96;4,29;3,85;75,13;25,45;39,25;30,09;29,57
1265;30;14,51;16,83;14,72;0,78;4,32;3,8;2,32;1,37;1;1,3;23,77;8,18;10,35;6,75;5,1
1266;90;25,76;28,97;20,52;9,57;10,09;12,28;4,71;6,09;2,51;1,94;62,77;21,72;25,35;37,04;31,38
1267;15;6,82;9,01;6,82;0,25;2,17;1,83;1,44;0,66;0,52;0,68;11,48;5,95;6,22;1,98;2,81
1268;16;8,26;8,89;6,85;2,48;3,02;4,33;2;1,63;1;1,54;13,6;6,77;8,35;4,29;3,28
1269;30;9,97;11,24;9,97;5,06;4,84;7,23;2,26;3,38;1,96;0,83;22,15;8,55;11,14;8,93;9,13
1270;90;36,13;44,88;34,33;11,07;14,12;22,29;9,75;10,85;4,87;2,67;79,06;30,16;41,18;30,33;26,63
1271;20;7,98;9,29;7,01;2,51;4,1;4,71;1,91;2,14;1,34;0,94;15,73;6,44;8,98;6,74;5,48
1272;35;14,19;11,63;10,26;4,38;6,09;6,15;3,32;2,41;2,07;1,14;30,22;13,1;17;12,15;9,93
1681;27;8,84;10,23;4,84;1,34;3,29;4,52;3,8;2,07;1,56;2,3;21,02;9,99;7,32;3,81;3,61
1682;27;9,26;9,32;6,68;1,94;4,27;4,63;4,31;2,01;1,52;1,5;19,76;8,9;6,54;4,61;5,72
